timestamp,open,high,low,close,volume,close_time,quote_volume,trades,taker_buy_volume,taker_buy_quote_volume,ignore
2024-12-25 22:45:00,5.187,5.198,5.168,5.169,5836.8,1735167599999,30267.3317,252,3461.6,17969.1266,0
2024-12-25 23:00:00,5.173,5.2,5.162,5.166,7506.5,1735168499999,38889.7448,349,2366.3,12271.4889,0
2024-12-25 23:15:00,5.169,5.172,5.128,5.142,10364.5,1735169399999,53336.4813,420,2348.8,12094.3214,0
2024-12-25 23:30:00,5.144,5.164,5.141,5.148,4427.5,1735170299999,22802.5104,244,2992.6,15410.7709,0
2024-12-25 23:45:00,5.153,5.165,5.141,5.147,2742.0,1735171199999,14128.4679,167,912.6,4706.4611,0
2024-12-26 00:00:00,5.152,5.166,5.108,5.13,11280.9,1735172099999,57880.645,497,3752.2,19249.128,0
2024-12-26 00:15:00,5.132,5.161,5.125,5.127,8397.8,1735172999999,43158.3313,393,3976.9,20440.1111,0
2024-12-26 00:30:00,5.127,5.127,5.1,5.102,12520.8,1735173899999,63938.0211,342,3703.3,18912.3408,0
2024-12-26 00:45:00,5.107,5.181,5.107,5.181,14370.5,1735174799999,73835.4806,507,11691.0,60035.5607,0
2024-12-26 01:00:00,5.179,5.179,5.131,5.131,7642.1,1735175699999,39393.0327,349,3176.1,16372.0412,0
2024-12-26 01:15:00,5.128,5.193,5.127,5.174,9145.7,1735176599999,47267.0665,467,5484.1,28323.216,0
2024-12-26 01:30:00,5.172,5.174,5.122,5.122,3119.9,1735177499999,16074.6834,174,727.3,3746.6251,0
2024-12-26 01:45:00,5.123,5.153,5.114,5.114,9302.9,1735178399999,47768.8664,336,3496.3,17948.1765,0
2024-12-26 02:00:00,5.114,5.177,5.101,5.175,8955.9,1735179299999,45944.972,372,5201.2,26701.0404,0
2024-12-26 02:15:00,5.174,5.216,5.161,5.216,14826.6,1735180199999,77019.5617,547,10895.1,56620.7795,0
2024-12-26 02:30:00,5.214,5.23,5.192,5.21,14809.0,1735181099999,77247.4763,548,7680.1,40082.638,0
2024-12-26 02:45:00,5.21,5.213,5.169,5.187,5794.9,1735181999999,30043.4142,265,2780.8,14421.0929,0
2024-12-26 03:00:00,5.187,5.216,5.187,5.201,8213.2,1735182899999,42742.6063,319,4416.2,22981.9493,0
2024-12-26 03:15:00,5.197,5.199,5.116,5.126,12235.2,1735183799999,63043.7966,485,2080.2,10702.909,0
2024-12-26 03:30:00,5.126,5.172,5.126,5.153,7524.4,1735184699999,38744.6909,296,4470.6,23012.4858,0
2024-12-26 03:45:00,5.155,5.168,5.129,5.161,5974.1,1735185599999,30797.2631,231,2761.6,14236.1985,0
2024-12-26 04:00:00,5.157,5.157,5.084,5.097,16598.9,1735186499999,84741.9394,427,3236.0,16524.4858,0
2024-12-26 04:15:00,5.1,5.127,5.099,5.12,2294.4,1735187399999,11739.5535,172,1262.5,6459.3703,0
2024-12-26 04:30:00,5.121,5.126,5.082,5.087,6343.2,1735188299999,32346.4987,257,2280.3,11616.7686,0
2024-12-26 04:45:00,5.089,5.095,5.06,5.072,8604.0,1735189199999,43661.8081,257,1922.7,9748.6933,0
2024-12-26 05:00:00,5.075,5.087,5.044,5.058,7116.3,1735190099999,36022.7833,257,2126.1,10771.8746,0
2024-12-26 05:15:00,5.058,5.068,5.008,5.013,18581.8,1735190999999,93528.9663,539,5353.1,26948.0551,0
2024-12-26 05:30:00,5.012,5.037,4.978,4.995,24550.5,1735191899999,122788.2351,675,11514.9,57560.198,0
2024-12-26 05:45:00,4.995,5.07,4.995,5.066,14751.4,1735192799999,74339.8224,541,10640.3,53590.4059,0
2024-12-26 06:00:00,5.066,5.066,4.96,5.004,32654.9,1735193699999,163222.3491,1071,12391.2,61873.6662,0
2024-12-26 06:15:00,5.005,5.023,4.992,5.007,8354.4,1735194599999,41836.2726,294,4073.5,20401.652,0
2024-12-26 06:30:00,5.006,5.073,4.981,5.058,27871.2,1735195499999,139990.0455,820,16177.0,81405.0476,0
2024-12-26 06:45:00,5.061,5.067,4.979,4.998,21624.3,1735196399999,108407.3609,616,6346.6,31749.4151,0
2024-12-26 07:00:00,4.997,5.03,4.989,5.022,4429.7,1735197299999,22185.3842,265,2460.0,12322.0798,0
2024-12-26 07:15:00,5.022,5.051,5.017,5.042,6916.9,1735198199999,34847.8289,274,4456.8,22463.2356,0
2024-12-26 07:30:00,5.04,5.04,4.992,4.995,13933.5,1735199099999,69778.4562,422,4726.8,23672.6629,0
2024-12-26 07:45:00,4.994,5.0,4.98,4.991,10077.8,1735199999999,50284.5046,330,4125.0,20587.1664,0
2024-12-26 08:00:00,4.991,4.998,4.938,4.953,25871.3,1735200899999,128222.3742,660,13387.1,66292.6853,0
2024-12-26 08:15:00,4.954,4.984,4.861,4.923,35234.9,1735201799999,173162.0505,1076,13869.6,68244.884,0
2024-12-26 08:30:00,4.916,5.105,4.907,5.029,88838.1,1735202699999,446705.2475,2222,58696.1,295129.3536,0
2024-12-26 08:45:00,5.028,5.053,4.949,4.953,38917.7,1735203599999,194625.1143,1200,14125.7,70710.2008,0
2024-12-26 09:00:00,4.953,4.968,4.885,4.896,28954.5,1735204499999,142506.8605,968,8354.9,41206.733,0
2024-12-26 09:15:00,4.892,4.925,4.886,4.904,17190.7,1735205399999,84265.5674,559,10018.6,49122.7232,0
2024-12-26 09:30:00,4.904,4.927,4.897,4.907,5372.8,1735206299999,26387.6892,282,3449.1,16940.1365,0
2024-12-26 09:45:00,4.908,4.934,4.879,4.93,22502.1,1735207199999,110389.3515,763,11461.7,56238.9761,0
2024-12-26 10:00:00,4.927,5.066,4.905,4.99,58235.5,1735208099999,290698.0035,2078,31254.7,156160.4694,0
2024-12-26 10:15:00,4.999,5.085,4.983,5.011,50653.7,1735208999999,254798.6327,1774,27894.5,140537.8472,0
2024-12-26 10:30:00,5.009,5.025,4.978,5.006,21194.8,1735209899999,105991.2607,724,9863.9,49351.2156,0
2024-12-26 10:45:00,5.003,5.066,5.001,5.054,25079.7,1735210799999,126300.4502,870,17692.4,89114.0938,0
2024-12-26 11:00:00,5.049,5.072,4.999,5.006,34454.4,1735211699999,173178.3086,705,16415.9,82465.2315,0
2024-12-26 11:15:00,5.003,5.024,4.969,4.977,15974.7,1735212599999,79840.1627,438,5682.6,28415.1932,0
2024-12-26 11:30:00,4.978,4.984,4.957,4.959,12104.8,1735213499999,60185.0099,442,4961.7,24675.089,0
2024-12-26 11:45:00,4.959,4.972,4.943,4.953,9755.5,1735214399999,48383.2367,316,6064.3,30087.1674,0
2024-12-26 12:00:00,4.954,4.955,4.893,4.901,22966.3,1735215299999,113033.3194,553,6510.7,31993.5994,0
2024-12-26 12:15:00,4.899,4.902,4.879,4.89,9630.1,1735216199999,47095.809,415,5157.4,25226.702,0
2024-12-26 12:30:00,4.89,4.924,4.859,4.924,23520.5,1735217099999,115001.2249,754,13012.2,63683.767,0
2024-12-26 12:45:00,4.923,4.924,4.83,4.84,19769.5,1735217999999,96362.4263,645,3180.5,15532.1096,0
2024-12-26 13:00:00,4.842,4.854,4.822,4.848,14452.1,1735218899999,69878.3792,412,5301.6,25661.3657,0
2024-12-26 13:15:00,4.85,4.852,4.817,4.817,5202.7,1735219799999,25151.2002,241,2633.9,12735.9342,0
2024-12-26 13:30:00,4.817,4.85,4.816,4.832,12128.8,1735220699999,58532.3777,308,6012.4,29018.9197,0
2024-12-26 13:45:00,4.832,4.834,4.801,4.822,10568.5,1735221599999,50905.3842,354,3596.0,17312.6736,0
2024-12-26 14:00:00,4.821,4.86,4.821,4.852,6329.1,1735222499999,30661.5086,313,4078.1,19750.1408,0
2024-12-26 14:15:00,4.852,4.856,4.79,4.803,7901.8,1735223399999,38030.961,335,2730.8,13110.2222,0
2024-12-26 14:30:00,4.8,4.804,4.763,4.775,19193.2,1735224299999,91737.7423,494,9127.0,43629.4014,0
2024-12-26 14:45:00,4.774,4.809,4.769,4.804,7634.6,1735225199999,36559.8441,265,3567.5,17099.0081,0
2024-12-26 15:00:00,4.792,4.794,4.761,4.77,9456.7,1735226099999,45109.1645,335,2851.0,13603.3044,0
2024-12-26 15:15:00,4.772,4.811,4.762,4.804,12182.9,1735226999999,58316.883,524,8589.5,41118.9551,0
2024-12-26 15:30:00,4.802,4.804,4.748,4.751,5963.5,1735227899999,28487.2582,251,1648.6,7869.8218,0
2024-12-26 15:45:00,4.752,4.767,4.735,4.746,17129.5,1735228799999,81442.9501,585,10075.2,47914.8646,0
2024-12-26 16:00:00,4.745,4.766,4.723,4.751,13100.5,1735229699999,62157.4153,560,5106.1,24245.2883,0
2024-12-26 16:15:00,4.754,4.773,4.728,4.73,15555.6,1735230599999,73959.7967,392,4070.7,19365.7778,0
2024-12-26 16:30:00,4.732,4.744,4.725,4.733,7648.6,1735231499999,36198.9959,242,4556.1,21562.2193,0
2024-12-26 16:45:00,4.739,4.762,4.736,4.756,4875.6,1735232399999,23146.0412,197,2678.2,12714.4792,0
2024-12-26 17:00:00,4.755,4.755,4.723,4.727,6655.1,1735233299999,31493.412,169,1310.6,6202.2012,0
2024-12-26 17:15:00,4.728,4.728,4.692,4.697,16584.7,1735234199999,78066.339,370,3000.5,14129.3322,0
2024-12-26 17:30:00,4.697,4.72,4.657,4.72,11543.4,1735235099999,54115.3024,429,6713.6,31517.3552,0
2024-12-26 17:45:00,4.722,4.732,4.7,4.702,4470.1,1735235999999,21042.3785,188,1078.3,5080.7345,0
2024-12-26 18:00:00,4.704,4.705,4.675,4.705,4661.8,1735236899999,21863.6003,211,1945.9,9127.2199,0
2024-12-26 18:15:00,4.697,4.728,4.692,4.724,4726.1,1735237799999,22276.6583,164,3036.5,14317.5458,0
2024-12-26 18:30:00,4.728,4.728,4.699,4.724,1472.5,1735238699999,6937.0834,84,478.3,2254.4856,0
2024-12-26 18:45:00,4.725,4.748,4.72,4.748,5003.6,1735239599999,23700.7155,178,4041.8,19151.4666,0
2024-12-26 19:00:00,4.747,4.8,4.746,4.763,23932.3,1735240499999,114321.8209,666,18408.8,87941.8577,0
2024-12-26 19:15:00,4.763,4.787,4.75,4.786,3627.4,1735241399999,17288.5817,187,2148.6,10250.9926,0
2024-12-26 19:30:00,4.786,4.786,4.739,4.755,4825.6,1735242299999,22940.1759,190,1445.0,6869.4523,0
2024-12-26 19:45:00,4.753,4.785,4.753,4.785,2742.7,1735243199999,13075.1227,83,1059.5,5053.8785,0
2024-12-26 20:00:00,4.785,4.785,4.763,4.768,2194.3,1735244099999,10478.7349,110,438.0,2090.0785,0
2024-12-26 20:15:00,4.77,4.775,4.739,4.745,4968.5,1735244999999,23565.2806,161,550.3,2612.0824,0
2024-12-26 20:30:00,4.748,4.769,4.748,4.766,2405.3,1735245899999,11439.759,88,1258.8,5989.1686,0
2024-12-26 20:45:00,4.767,4.78,4.743,4.768,2909.5,1735246799999,13859.8962,178,1180.0,5616.6401,0
2024-12-26 21:00:00,4.768,4.842,4.762,4.769,34976.0,1735247699999,167795.4929,949,14277.2,68641.4354,0
2024-12-26 21:15:00,4.769,4.769,4.742,4.768,15158.2,1735248599999,72086.7028,414,5330.3,25364.4018,0
2024-12-26 21:30:00,4.764,4.804,4.756,4.802,4217.1,1735249499999,20157.6375,188,3034.0,14511.8955,0
2024-12-26 21:45:00,4.799,4.852,4.795,4.83,10112.5,1735250399999,48833.6506,397,6901.5,33353.0338,0
2024-12-26 22:00:00,4.826,4.826,4.768,4.771,13128.6,1735251299999,62931.9283,397,2618.0,12535.1973,0
2024-12-26 22:15:00,4.771,4.793,4.769,4.793,3265.8,1735252199999,15610.2679,118,1828.9,8736.977,0
2024-12-26 22:30:00,4.79,4.798,4.784,4.792,2910.5,1735253099999,13949.5048,99,2028.0,9720.0035,0
2024-12-26 22:45:00,4.793,4.811,4.791,4.805,672.7,1735253999999,3230.7989,70,508.1,2440.7374,0
2024-12-26 23:00:00,4.802,4.802,4.747,4.748,2643.7,1735254899999,12606.9658,192,949.5,4528.6557,0
2024-12-26 23:15:00,4.759,4.785,4.759,4.784,1169.2,1735255799999,5582.7761,67,857.9,4095.7837,0
2024-12-26 23:30:00,4.786,4.794,4.775,4.794,1975.3,1735256699999,9455.5111,97,814.3,3899.3374,0
2024-12-26 23:45:00,4.795,4.831,4.794,4.829,2442.7,1735257599999,11749.7317,163,1060.0,5106.2889,0
2024-12-27 00:00:00,4.829,4.851,4.808,4.808,8047.1,1735258499999,38901.7628,272,5136.6,24862.2762,0
2024-12-27 00:15:00,4.807,4.807,4.785,4.802,3411.0,1735259399999,16364.4883,178,715.7,3433.2037,0
2024-12-27 00:30:00,4.804,4.821,4.789,4.808,3788.3,1735260299999,18214.7031,180,1833.9,8818.0688,0
2024-12-27 00:45:00,4.811,4.82,4.789,4.813,2730.5,1735261199999,13119.2077,102,1132.2,5450.2304,0
2024-12-27 01:00:00,4.813,4.825,4.803,4.82,789.9,1735262099999,3803.6568,65,372.1,1792.7468,0
2024-12-27 01:15:00,4.82,4.83,4.808,4.811,3694.8,1735262999999,17815.0379,133,1287.9,6212.8222,0
2024-12-27 01:30:00,4.812,4.847,4.81,4.847,2270.2,1735263899999,10943.3554,104,1242.4,5988.6704,0
2024-12-27 01:45:00,4.849,4.857,4.804,4.809,6987.0,1735264799999,33716.1086,208,2777.7,13401.8787,0
2024-12-27 02:00:00,4.81,4.85,4.81,4.841,1651.9,1735265699999,7970.2299,103,1171.9,5649.6243,0
2024-12-27 02:15:00,4.843,4.894,4.843,4.849,20909.8,1735266599999,101766.3246,594,8489.4,41333.4526,0
2024-12-27 02:30:00,4.844,4.846,4.824,4.841,4201.9,1735267499999,20327.7664,151,2900.4,14036.0395,0
2024-12-27 02:45:00,4.841,4.846,4.794,4.808,4009.5,1735268399999,19303.2452,210,1402.5,6759.7932,0
2024-12-27 03:00:00,4.814,4.85,4.814,4.839,4133.9,1735269299999,19973.5274,212,3543.4,17119.3016,0
2024-12-27 03:15:00,4.836,4.843,4.825,4.832,2333.6,1735270199999,11283.2615,127,979.8,4737.6352,0
2024-12-27 03:30:00,4.832,4.849,4.827,4.84,2875.0,1735271099999,13900.7227,79,1593.0,7702.3707,0
2024-12-27 03:45:00,4.84,4.857,4.84,4.852,1171.4,1735271999999,5681.7219,61,1002.3,4861.5827,0
2024-12-27 04:00:00,4.853,4.906,4.853,4.906,10778.6,1735272899999,52590.1899,330,6521.1,31812.3634,0
2024-12-27 04:15:00,4.905,4.912,4.895,4.895,2636.6,1735273799999,12922.2185,98,749.4,3675.1931,0
2024-12-27 04:30:00,4.895,4.9,4.866,4.896,7085.4,1735274699999,34610.9597,198,3061.8,14953.7578,0
2024-12-27 04:45:00,4.898,4.922,4.895,4.91,6989.0,1735275599999,34312.8364,291,4172.6,20483.0352,0
2024-12-27 05:00:00,4.909,4.918,4.854,4.861,7214.9,1735276499999,35261.8139,268,1982.1,9706.0277,0
2024-12-27 05:15:00,4.86,4.872,4.84,4.842,7189.4,1735277399999,34905.8143,261,3135.6,15238.0129,0
2024-12-27 05:30:00,4.843,4.864,4.843,4.853,1464.7,1735278299999,7107.9772,81,526.3,2554.1257,0
2024-12-27 05:45:00,4.855,4.872,4.834,4.836,9571.9,1735279199999,46460.254,233,1697.2,8223.7541,0
2024-12-27 06:00:00,4.838,4.861,4.824,4.824,11450.6,1735280099999,55429.034,288,4045.0,19603.726,0
2024-12-27 06:15:00,4.823,4.828,4.813,4.816,5291.2,1735280999999,25501.3942,162,2205.9,10633.3559,0
2024-12-27 06:30:00,4.816,4.836,4.81,4.813,16302.8,1735281899999,78576.0302,386,7180.0,34610.2018,0
2024-12-27 06:45:00,4.817,4.832,4.805,4.831,7150.6,1735282799999,34440.6691,275,4213.2,20297.7348,0
2024-12-27 07:00:00,4.833,4.835,4.799,4.8,6747.9,1735283699999,32477.0755,232,1754.9,8439.3406,0
2024-12-27 07:15:00,4.8,4.8,4.734,4.737,18531.2,1735284599999,88161.6671,585,6549.1,31122.6972,0
2024-12-27 07:30:00,4.74,4.74,4.682,4.727,23767.7,1735285499999,111931.3032,893,13976.1,65813.8834,0
2024-12-27 07:45:00,4.724,4.787,4.724,4.776,15360.4,1735286399999,73223.4452,597,11200.4,53390.8721,0
2024-12-27 08:00:00,4.771,4.832,4.751,4.825,29619.3,1735287299999,141613.3506,1091,17735.1,84889.2901,0
2024-12-27 08:15:00,4.829,4.835,4.806,4.816,6062.3,1735288199999,29208.7523,208,2213.0,10670.5827,0
2024-12-27 08:30:00,4.818,4.845,4.817,4.835,6069.1,1735289099999,29360.3857,184,2510.5,12144.3606,0
2024-12-27 08:45:00,4.838,4.84,4.796,4.821,8723.0,1735289999999,41954.4453,282,3096.8,14880.9355,0
2024-12-27 09:00:00,4.821,4.902,4.81,4.901,23537.9,1735290899999,114097.1275,926,9135.0,44390.7172,0
2024-12-27 09:15:00,4.903,4.915,4.89,4.908,6782.2,1735291799999,33258.6785,335,3424.7,16794.8151,0
2024-12-27 09:30:00,4.912,4.922,4.896,4.9,9732.2,1735292699999,47750.8417,303,3771.5,18512.8359,0
2024-12-27 09:45:00,4.899,4.904,4.882,4.893,12522.6,1735293599999,61233.6059,232,2215.3,10834.5747,0
2024-12-27 10:00:00,4.893,4.9,4.883,4.885,1517.6,1735294499999,7423.9827,128,825.1,4037.6597,0
2024-12-27 10:15:00,4.886,4.897,4.873,4.879,5285.3,1735295399999,25815.5675,196,2020.1,9876.2013,0
2024-12-27 10:30:00,4.879,4.884,4.845,4.86,8518.0,1735296299999,41391.924,272,1712.6,8332.4685,0
2024-12-27 10:45:00,4.858,4.9,4.858,4.895,10379.5,1735297199999,50655.631,293,7692.4,37537.1135,0
2024-12-27 11:00:00,4.895,4.941,4.893,4.937,15545.6,1735298099999,76389.8007,450,12991.7,63849.2631,0
2024-12-27 11:15:00,4.941,4.965,4.934,4.957,9066.6,1735298999999,44879.8807,385,6065.7,30031.9322,0
2024-12-27 11:30:00,4.956,4.956,4.925,4.933,3914.2,1735299899999,19336.4705,184,1136.0,5605.2487,0
2024-12-27 11:45:00,4.933,4.956,4.929,4.951,5086.1,1735300799999,25156.7821,148,1596.0,7888.1509,0
2024-12-27 12:00:00,4.953,4.961,4.934,4.943,3870.9,1735301699999,19136.8295,174,797.6,3946.1534,0
2024-12-27 12:15:00,4.943,4.944,4.935,4.94,1306.9,1735302599999,6452.8115,88,233.5,1153.7368,0
2024-12-27 12:30:00,4.943,4.952,4.929,4.931,6436.0,1735303499999,31782.629,191,1611.7,7970.1166,0
2024-12-27 12:45:00,4.932,4.941,4.927,4.933,1809.4,1735304399999,8925.4661,103,957.5,4723.8077,0
2024-12-27 13:00:00,4.932,4.932,4.888,4.891,6364.2,1735305299999,31209.36,237,967.9,4751.3276,0
2024-12-27 13:15:00,4.891,4.91,4.883,4.896,4769.3,1735306199999,23349.1427,235,2500.5,12242.2147,0
2024-12-27 13:30:00,4.902,4.903,4.853,4.86,8395.9,1735307099999,40893.7099,297,5139.6,25032.4343,0
2024-12-27 13:45:00,4.862,4.875,4.855,4.869,3403.9,1735307999999,16555.1014,203,1951.2,9494.3536,0
2024-12-27 14:00:00,4.868,4.868,4.816,4.825,9781.8,1735308899999,47219.5447,408,4004.4,19314.4397,0
2024-12-27 14:15:00,4.826,4.847,4.823,4.835,3783.9,1735309799999,18290.7675,181,2793.0,13504.5452,0
2024-12-27 14:30:00,4.835,4.836,4.77,4.777,20911.8,1735310699999,100170.1503,613,4383.0,21001.0796,0
2024-12-27 14:45:00,4.778,4.807,4.771,4.807,4953.0,1735311599999,23698.8417,260,3122.7,14946.0934,0
2024-12-27 15:00:00,4.807,4.826,4.775,4.78,10625.8,1735312499999,51074.5679,442,7195.3,34609.9158,0
2024-12-27 15:15:00,4.779,4.779,4.729,4.752,9843.6,1735313399999,46781.8959,493,3265.4,15522.7371,0
2024-12-27 15:30:00,4.751,4.758,4.729,4.733,7770.3,1735314299999,36830.2156,328,5306.3,25154.9516,0
2024-12-27 15:45:00,4.732,4.761,4.72,4.76,9082.5,1735315199999,43063.9178,448,6837.2,32434.5964,0
2024-12-27 16:00:00,4.76,4.776,4.741,4.745,5434.4,1735316099999,25853.9963,328,3299.6,15705.8851,0
2024-12-27 16:15:00,4.746,4.749,4.72,4.74,6841.0,1735316999999,32415.6981,331,4776.9,22640.3312,0
2024-12-27 16:30:00,4.746,4.77,4.74,4.763,4750.3,1735317899999,22576.361,223,3644.2,17318.5973,0
2024-12-27 16:45:00,4.763,4.768,4.736,4.741,6186.9,1735318799999,29402.8556,276,1848.4,8790.2727,0
2024-12-27 17:00:00,4.74,4.768,4.74,4.755,4420.7,1735319699999,21032.4758,332,3092.4,14715.0266,0
2024-12-27 17:15:00,4.755,4.774,4.735,4.771,3171.0,1735320599999,15055.0743,198,1142.7,5427.2729,0
2024-12-27 17:30:00,4.767,4.805,4.767,4.804,8877.4,1735321499999,42508.2094,396,5171.9,24762.7365,0
2024-12-27 17:45:00,4.805,4.832,4.795,4.799,12940.1,1735322399999,62285.6798,441,6797.0,32735.8213,0
2024-12-27 18:00:00,4.799,4.801,4.774,4.783,5607.0,1735323299999,26841.1868,221,1111.7,5315.6286,0
2024-12-27 18:15:00,4.785,4.796,4.777,4.785,3361.1,1735324199999,16092.2845,211,1910.9,9150.4404,0
2024-12-27 18:30:00,4.783,4.794,4.776,4.787,2024.7,1735325099999,9692.1743,128,869.0,4161.1622,0
2024-12-27 18:45:00,4.785,4.791,4.768,4.773,7882.6,1735325999999,37667.921,243,5277.1,25220.4672,0
2024-12-27 19:00:00,4.776,4.776,4.753,4.762,4365.7,1735326899999,20793.2397,180,2218.0,10562.2044,0
2024-12-27 19:15:00,4.762,4.765,4.75,4.75,5229.2,1735327799999,24876.1666,160,1457.9,6940.8574,0
2024-12-27 19:30:00,4.75,4.771,4.745,4.764,5626.4,1735328699999,26769.5498,302,3620.5,17234.3902,0
2024-12-27 19:45:00,4.763,4.769,4.759,4.767,2387.2,1735329599999,11369.8108,102,1429.1,6807.9412,0
2024-12-27 20:00:00,4.768,4.774,4.742,4.745,5410.6,1735330499999,25733.6298,179,1790.5,8519.6173,0
2024-12-27 20:15:00,4.747,4.757,4.744,4.755,2207.4,1735331399999,10485.3909,98,1144.7,5440.388,0
2024-12-27 20:30:00,4.755,4.771,4.747,4.748,3413.7,1735332299999,16239.8683,152,1836.1,8736.3233,0
2024-12-27 20:45:00,4.748,4.759,4.742,4.759,2182.7,1735333199999,10364.612,108,806.8,3832.6979,0
2024-12-27 21:00:00,4.76,4.767,4.75,4.759,3893.0,1735334099999,18524.7109,119,3227.6,15358.7096,0
2024-12-27 21:15:00,4.757,4.773,4.752,4.768,3548.7,1735334999999,16917.7532,139,1846.1,8801.0178,0
2024-12-27 21:30:00,4.768,4.769,4.746,4.757,4854.3,1735335899999,23100.9374,144,2220.0,10557.9646,0
2024-12-27 21:45:00,4.757,4.757,4.731,4.735,2409.8,1735336799999,11424.7553,115,505.2,2395.35,0
2024-12-27 22:00:00,4.734,4.741,4.707,4.741,8745.1,1735337699999,41263.0796,466,4095.2,19333.8807,0
2024-12-27 22:15:00,4.738,4.761,4.737,4.754,1270.0,1735338599999,6034.2706,80,873.3,4148.0034,0
2024-12-27 22:30:00,4.756,4.762,4.739,4.739,346.3,1735339499999,1644.3194,44,140.0,665.0122,0
2024-12-27 22:45:00,4.739,4.739,4.715,4.725,3018.9,1735340399999,14284.4606,100,1752.1,8290.1376,0
2024-12-27 23:00:00,4.721,4.732,4.719,4.732,1134.5,1735341299999,5363.2819,78,670.5,3169.7783,0
2024-12-27 23:15:00,4.734,4.739,4.726,4.729,1012.4,1735342199999,4792.3263,67,409.1,1937.2309,0
2024-12-27 23:30:00,4.73,4.73,4.706,4.714,2574.2,1735343099999,12134.3946,103,907.0,4272.2214,0
2024-12-27 23:45:00,4.716,4.744,4.715,4.73,4550.8,1735343999999,21534.5337,222,3459.2,16368.0971,0
2024-12-28 00:00:00,4.732,4.741,4.717,4.721,5038.7,1735344899999,23829.7612,150,3235.3,15314.8557,0
2024-12-28 00:15:00,4.724,4.732,4.718,4.721,1472.6,1735345799999,6956.6573,100,733.0,3463.5112,0
2024-12-28 00:30:00,4.726,4.73,4.713,4.719,1714.8,1735346699999,8099.9339,97,733.7,3466.2675,0
2024-12-28 00:45:00,4.72,4.736,4.719,4.736,4355.5,1735347599999,20591.2006,87,3678.4,17387.7847,0
2024-12-28 01:00:00,4.74,4.753,4.74,4.74,3198.8,1735348499999,15182.4582,139,2016.8,9574.5689,0
2024-12-28 01:15:00,4.737,4.741,4.725,4.731,4602.8,1735349399999,21783.2145,193,2186.3,10349.7967,0
2024-12-28 01:30:00,4.728,4.765,4.726,4.761,3687.2,1735350299999,17460.1516,146,2394.6,11333.6679,0
2024-12-28 01:45:00,4.765,4.782,4.752,4.764,3056.0,1735351199999,14582.5522,148,2073.2,9896.7395,0
2024-12-28 02:00:00,4.764,4.777,4.762,4.775,1099.4,1735352099999,5246.5231,69,710.4,3390.3928,0
2024-12-28 02:15:00,4.776,4.805,4.775,4.802,4516.3,1735352999999,21631.8474,211,3650.2,17483.4088,0
2024-12-28 02:30:00,4.801,4.831,4.801,4.803,10103.9,1735353899999,48623.7605,398,5827.2,28044.4713,0
2024-12-28 02:45:00,4.803,4.817,4.784,4.816,3666.0,1735354799999,17604.8387,199,2460.6,11820.5596,0
2024-12-28 03:00:00,4.813,4.83,4.808,4.825,2103.0,1735355699999,10141.034,137,1113.4,5369.1317,0
2024-12-28 03:15:00,4.825,4.831,4.821,4.826,929.4,1735356599999,4485.4606,64,422.5,2039.6617,0
2024-12-28 03:30:00,4.829,4.844,4.819,4.837,4893.4,1735357499999,23644.694,234,2730.5,13198.9789,0
2024-12-28 03:45:00,4.834,4.834,4.812,4.822,1858.8,1735358399999,8967.7363,110,278.0,1340.7491,0
2024-12-28 04:00:00,4.817,4.82,4.785,4.802,5818.2,1735359299999,27916.3137,193,1232.9,5917.5068,0
2024-12-28 04:15:00,4.801,4.806,4.79,4.802,2296.7,1735360199999,11022.2975,73,989.0,4747.5791,0
2024-12-28 04:30:00,4.799,4.799,4.777,4.786,5157.9,1735361099999,24682.7102,193,1781.1,8524.8198,0
2024-12-28 04:45:00,4.786,4.791,4.781,4.781,1198.6,1735361999999,5735.6373,54,396.3,1896.0891,0
2024-12-28 05:00:00,4.78,4.789,4.774,4.785,3674.8,1735362899999,17584.2171,109,1742.7,8342.2491,0
2024-12-28 05:15:00,4.784,4.79,4.78,4.78,2248.4,1735363799999,10760.3477,88,435.2,2083.3932,0
2024-12-28 05:30:00,4.779,4.783,4.774,4.783,5334.2,1735364699999,25486.8916,120,3147.4,15036.5464,0
2024-12-28 05:45:00,4.782,4.792,4.766,4.772,1608.5,1735365599999,7682.7867,69,367.8,1758.9268,0
2024-12-28 06:00:00,4.772,4.782,4.772,4.782,2349.1,1735366499999,11222.8415,89,1920.6,9176.6827,0
2024-12-28 06:15:00,4.783,4.787,4.764,4.764,1288.0,1735367399999,6151.8195,79,275.6,1318.2489,0
2024-12-28 06:30:00,4.767,4.773,4.744,4.744,9742.5,1735368299999,46304.7819,221,470.9,2244.0622,0
2024-12-28 06:45:00,4.743,4.753,4.73,4.753,6332.0,1735369199999,29985.1525,255,5114.6,24218.5504,0
2024-12-28 07:00:00,4.752,4.776,4.752,4.776,3498.9,1735370099999,16667.7797,103,3223.5,15356.2593,0
2024-12-28 07:15:00,4.776,4.79,4.764,4.764,7022.8,1735370999999,33562.5415,198,2520.9,12051.7308,0
2024-12-28 07:30:00,4.768,4.768,4.748,4.749,5235.4,1735371899999,24901.5236,120,1853.2,8813.6922,0
2024-12-28 07:45:00,4.75,4.757,4.744,4.75,6293.0,1735372799999,29899.4833,172,3077.0,14618.9229,0
2024-12-28 08:00:00,4.749,4.761,4.749,4.753,1137.1,1735373699999,5406.3867,51,916.1,4356.2774,0
2024-12-28 08:15:00,4.753,4.759,4.745,4.759,1805.8,1735374599999,8585.9192,75,1325.7,6304.9948,0
2024-12-28 08:30:00,4.758,4.774,4.758,4.773,1146.1,1735375499999,5461.8136,71,1090.9,5198.5724,0
2024-12-28 08:45:00,4.774,4.789,4.774,4.777,6116.6,1735376399999,29245.267,140,2615.1,12508.5437,0
2024-12-28 09:00:00,4.776,4.778,4.749,4.758,11665.6,1735377299999,55549.8046,271,4902.2,23324.1963,0
2024-12-28 09:15:00,4.759,4.779,4.759,4.776,3218.7,1735378199999,15354.1338,133,1634.9,7798.7526,0
2024-12-28 09:30:00,4.778,4.788,4.778,4.782,1281.5,1735379099999,6129.5848,88,908.9,4347.1636,0
2024-12-28 09:45:00,4.782,4.795,4.782,4.782,5959.7,1735379999999,28542.9571,122,726.7,3481.4095,0
2024-12-28 10:00:00,4.783,4.921,4.78,4.906,42299.2,1735380899999,205391.3448,1442,30013.9,145687.353,0
2024-12-28 10:15:00,4.908,4.946,4.868,4.871,39926.5,1735381799999,195863.7687,1354,18176.4,89241.8259,0
2024-12-28 10:30:00,4.869,4.91,4.85,4.853,27981.6,1735382699999,136313.5226,998,12965.8,63145.6943,0
2024-12-28 10:45:00,4.853,4.87,4.839,4.87,9545.9,1735383599999,46329.0145,448,4696.7,22802.7038,0
2024-12-28 11:00:00,4.87,4.878,4.856,4.872,7983.4,1735384499999,38868.1285,463,3197.9,15575.9158,0
2024-12-28 11:15:00,4.871,4.898,4.857,4.897,12377.6,1735385399999,60320.5932,511,6132.5,29913.7517,0
2024-12-28 11:30:00,4.893,4.906,4.877,4.885,6108.5,1735386299999,29859.0963,350,1425.9,6973.1914,0
2024-12-28 11:45:00,4.884,4.891,4.85,4.861,12259.3,1735387199999,59604.8507,524,3040.0,14774.322,0
2024-12-28 12:00:00,4.861,4.873,4.853,4.868,3048.0,1735388099999,14825.4297,211,1475.0,7178.6953,0
2024-12-28 12:15:00,4.866,4.869,4.857,4.862,5298.7,1735388999999,25763.0736,284,1787.9,8695.8214,0
2024-12-28 12:30:00,4.861,4.863,4.838,4.856,10168.1,1735389899999,49287.003,327,4700.1,22771.2707,0
2024-12-28 12:45:00,4.856,4.9,4.854,4.9,14139.4,1735390799999,68923.1221,458,7599.1,37059.4725,0
2024-12-28 13:00:00,4.899,4.9,4.884,4.886,9228.1,1735391699999,45160.292,295,1773.4,8678.7114,0
2024-12-28 13:15:00,4.888,4.928,4.888,4.917,8093.7,1735392599999,39764.5014,271,3555.6,17469.689,0
2024-12-28 13:30:00,4.916,4.934,4.904,4.917,10902.6,1735393499999,53591.7841,334,4528.9,22270.2486,0
2024-12-28 13:45:00,4.914,4.933,4.902,4.93,7914.2,1735394399999,38980.9843,269,3537.4,17429.9343,0
2024-12-28 14:00:00,4.93,4.95,4.93,4.946,7281.8,1735395299999,35979.5796,246,3994.0,19735.0204,0
2024-12-28 14:15:00,4.946,4.961,4.931,4.932,7880.9,1735396199999,38977.6806,362,2374.0,11748.7147,0
2024-12-28 14:30:00,4.933,4.939,4.907,4.907,7039.5,1735397099999,34652.7269,279,2632.6,12968.3682,0
2024-12-28 14:45:00,4.907,4.914,4.881,4.914,10247.6,1735397999999,50198.7337,349,6528.6,31987.1618,0
2024-12-28 15:00:00,4.916,4.958,4.916,4.942,4927.3,1735398899999,24353.4468,245,3395.5,16787.0127,0
2024-12-28 15:15:00,4.943,4.952,4.935,4.951,2569.5,1735399799999,12697.0474,116,939.5,4646.4371,0
2024-12-28 15:30:00,4.952,4.952,4.904,4.906,10934.1,1735400699999,53735.6192,305,2307.2,11348.8805,0
2024-12-28 15:45:00,4.906,4.914,4.886,4.901,8246.1,1735401599999,40370.7577,256,4362.4,21369.6139,0
2024-12-28 16:00:00,4.902,4.932,4.902,4.91,6576.3,1735402499999,32335.5302,238,3745.4,18412.2688,0
2024-12-28 16:15:00,4.909,4.923,4.907,4.909,1583.7,1735403399999,7780.9464,95,623.1,3058.949,0
2024-12-28 16:30:00,4.904,4.908,4.89,4.89,4119.1,1735404299999,20176.7972,147,697.1,3412.3607,0
2024-12-28 16:45:00,4.894,4.908,4.892,4.903,1826.1,1735405199999,8948.6791,89,599.4,2937.0756,0
2024-12-28 17:00:00,4.903,4.935,4.902,4.92,4984.5,1735406099999,24504.3677,124,1871.4,9206.4887,0
2024-12-28 17:15:00,4.921,4.936,4.92,4.92,3615.7,1735406999999,17820.5928,134,1255.5,6188.1345,0
2024-12-28 17:30:00,4.92,4.92,4.89,4.892,5572.1,1735407899999,27329.8947,179,2103.5,10309.7162,0
2024-12-28 17:45:00,4.892,4.901,4.892,4.899,1275.8,1735408799999,6246.8882,52,1130.8,5537.0707,0
2024-12-28 18:00:00,4.9,4.909,4.888,4.891,1666.3,1735409699999,8163.9272,79,683.6,3352.4037,0
2024-12-28 18:15:00,4.894,4.908,4.889,4.908,1739.4,1735410599999,8517.7592,87,965.1,4726.7678,0
2024-12-28 18:30:00,4.909,4.917,4.896,4.897,5699.1,1735411499999,27967.8569,145,3523.4,17285.6088,0
2024-12-28 18:45:00,4.903,4.906,4.885,4.903,2274.1,1735412399999,11131.5521,97,687.5,3370.1558,0
2024-12-28 19:00:00,4.901,4.927,4.87,4.895,11393.5,1735413299999,55849.9472,405,3289.4,16134.8969,0
2024-12-28 19:15:00,4.893,4.895,4.881,4.885,1471.8,1735414199999,7194.4891,94,954.2,4665.4943,0
2024-12-28 19:30:00,4.886,4.891,4.857,4.859,5348.6,1735415099999,26050.8257,254,3117.0,15185.7772,0
2024-12-28 19:45:00,4.858,4.863,4.849,4.86,3395.2,1735415999999,16496.5823,154,2178.6,10587.265,0
2024-12-28 20:00:00,4.86,4.871,4.859,4.86,1578.1,1735416899999,7673.8878,74,1275.8,6204.6304,0
2024-12-28 20:15:00,4.859,4.866,4.858,4.865,662.8,1735417799999,3222.4283,61,350.7,1705.2248,0
2024-12-28 20:30:00,4.864,4.877,4.854,4.875,4047.4,1735418699999,19704.0837,166,2581.3,12569.1992,0
2024-12-28 20:45:00,4.878,4.884,4.867,4.884,3700.9,1735419599999,18055.0135,118,1066.9,5206.3213,0
2024-12-28 21:00:00,4.878,4.883,4.873,4.875,477.5,1735420499999,2329.0132,38,316.0,1541.025,0
2024-12-28 21:15:00,4.875,4.876,4.867,4.87,1197.6,1735421399999,5832.2834,47,587.3,2859.6229,0
2024-12-28 21:30:00,4.874,4.891,4.872,4.888,2559.3,1735422299999,12494.9109,66,836.5,4086.5158,0
2024-12-28 21:45:00,4.886,4.893,4.879,4.892,2320.9,1735423199999,11334.7346,97,637.2,3113.7257,0
2024-12-28 22:00:00,4.884,4.926,4.878,4.907,12178.4,1735424099999,59728.5568,391,9827.4,48193.4409,0
2024-12-28 22:15:00,4.91,4.913,4.889,4.894,5318.8,1735424999999,26072.6038,189,1633.7,8016.3883,0
2024-12-28 22:30:00,4.889,4.898,4.876,4.877,2365.5,1735425899999,11551.975,98,347.0,1696.6062,0
2024-12-28 22:45:00,4.883,4.888,4.857,4.881,9389.0,1735426799999,45741.0619,287,1395.6,6804.9228,0
2024-12-28 23:00:00,4.881,4.885,4.87,4.879,1136.7,1735427699999,5541.6853,91,591.8,2886.4814,0
2024-12-28 23:15:00,4.881,4.903,4.877,4.903,11311.5,1735428599999,55303.5464,216,10144.9,49593.4091,0
2024-12-28 23:30:00,4.905,4.913,4.893,4.899,1478.7,1735429499999,7249.4177,87,584.1,2865.2027,0
2024-12-28 23:45:00,4.898,4.904,4.894,4.9,1406.9,1735430399999,6894.1953,61,570.9,2798.0544,0
2024-12-29 00:00:00,4.901,4.902,4.879,4.892,6118.0,1735431299999,29919.4794,183,2174.0,10629.2773,0
2024-12-29 00:15:00,4.891,4.891,4.885,4.891,1516.3,1735432199999,7410.8262,75,1010.7,4939.6908,0
2024-12-29 00:30:00,4.891,4.925,4.891,4.921,9653.7,1735433099999,47358.8586,285,8156.8,39995.9865,0
2024-12-29 00:45:00,4.922,4.922,4.911,4.916,1084.5,1735433999999,5332.8497,63,590.6,2904.5494,0
2024-12-29 01:00:00,4.919,4.93,4.908,4.908,2923.1,1735434899999,14386.804,110,981.3,4829.7934,0
2024-12-29 01:15:00,4.911,4.911,4.894,4.908,1653.7,1735435799999,8107.8723,80,789.4,3870.1985,0
2024-12-29 01:30:00,4.907,4.909,4.897,4.898,1575.8,1735436699999,7727.4792,75,1082.9,5310.8879,0
2024-12-29 01:45:00,4.899,4.899,4.882,4.896,3153.7,1735437599999,15428.5565,137,1711.6,8375.2671,0
2024-12-29 02:00:00,4.901,4.926,4.901,4.922,3441.6,1735438499999,16908.4504,120,2000.9,9833.1594,0
2024-12-29 02:15:00,4.922,4.946,4.92,4.922,8574.3,1735439399999,42302.102,302,4657.2,22962.4125,0
2024-12-29 02:30:00,4.922,4.935,4.922,4.935,1965.1,1735440299999,9688.3966,99,1005.1,4957.453,0
2024-12-29 02:45:00,4.937,4.941,4.927,4.928,450.6,1735441199999,2221.9123,55,145.7,718.4775,0
2024-12-29 03:00:00,4.93,4.939,4.917,4.923,1069.0,1735442099999,5266.0589,81,348.9,1718.9726,0
2024-12-29 03:15:00,4.923,4.926,4.905,4.916,2532.9,1735442999999,12449.963,131,1005.1,4939.2212,0
2024-12-29 03:30:00,4.916,4.924,4.916,4.921,409.9,1735443899999,2016.8747,38,258.8,1273.5808,0
2024-12-29 03:45:00,4.923,4.932,4.92,4.932,471.6,1735444799999,2324.5305,57,346.2,1706.6114,0
2024-12-29 04:00:00,4.932,4.944,4.931,4.931,3546.3,1735445699999,17507.7884,143,1558.2,7694.7481,0
2024-12-29 04:15:00,4.931,4.932,4.915,4.918,823.7,1735446599999,4057.31,46,415.5,2047.7533,0
2024-12-29 04:30:00,4.917,4.927,4.913,4.927,1117.4,1735447499999,5497.2906,62,955.6,4701.191,0
2024-12-29 04:45:00,4.926,4.926,4.907,4.907,2731.7,1735448399999,13431.2811,94,1231.8,6051.8536,0
2024-12-29 05:00:00,4.906,4.915,4.896,4.896,2541.2,1735449299999,12468.2005,88,1805.3,8860.7618,0
2024-12-29 05:15:00,4.896,4.907,4.894,4.905,783.9,1735450199999,3840.685,43,433.8,2125.9157,0
2024-12-29 05:30:00,4.9,4.905,4.896,4.904,858.3,1735451099999,4205.0296,27,652.7,3197.6805,0
2024-12-29 05:45:00,4.9,4.912,4.899,4.912,927.9,1735451999999,4550.7514,42,506.0,2482.1521,0
2024-12-29 06:00:00,4.91,4.91,4.887,4.89,1423.5,1735452899999,6967.8014,61,498.4,2438.9722,0
2024-12-29 06:15:00,4.883,4.908,4.88,4.908,1188.7,1735453799999,5811.4417,76,878.8,4297.7075,0
2024-12-29 06:30:00,4.91,4.91,4.9,4.91,2518.6,1735454699999,12353.2182,108,1019.5,5000.8671,0
2024-12-29 06:45:00,4.905,4.919,4.898,4.914,1273.4,1735455599999,6247.6983,84,390.6,1919.1205,0
2024-12-29 07:00:00,4.914,4.927,4.911,4.916,1378.7,1735456499999,6781.1293,70,536.9,2641.8213,0
2024-12-29 07:15:00,4.915,4.954,4.915,4.929,12856.8,1735457399999,63503.0935,409,9378.9,46330.9021,0
2024-12-29 07:30:00,4.928,4.942,4.921,4.941,2201.9,1735458299999,10856.5144,141,841.9,4154.0759,0
2024-12-29 07:45:00,4.94,4.954,4.938,4.941,2427.4,1735459199999,12011.3578,113,893.9,4423.2784,0
2024-12-29 08:00:00,4.941,4.956,4.929,4.932,2058.2,1735460099999,10171.5656,89,561.6,2777.1901,0
2024-12-29 08:15:00,4.93,4.94,4.929,4.93,1008.1,1735460999999,4974.0558,73,414.0,2043.0198,0
2024-12-29 08:30:00,4.929,4.929,4.871,4.881,14471.6,1735461899999,70887.7525,439,3180.8,15586.3889,0
2024-12-29 08:45:00,4.88,4.895,4.88,4.889,3548.8,1735462799999,17348.7492,162,2053.1,10038.0879,0
2024-12-29 09:00:00,4.899,4.902,4.891,4.893,1096.9,1735463699999,5368.0739,72,467.3,2286.9704,0
2024-12-29 09:15:00,4.891,4.911,4.884,4.908,3647.4,1735464599999,17851.8001,107,2931.3,14339.6195,0
2024-12-29 09:30:00,4.906,4.91,4.897,4.905,1769.9,1735465499999,8676.1959,77,308.3,1511.4962,0
2024-12-29 09:45:00,4.903,4.918,4.903,4.916,1664.6,1735466399999,8172.1256,54,931.3,4571.9679,0
2024-12-29 10:00:00,4.917,4.92,4.909,4.912,644.1,1735467299999,3164.6503,41,257.6,1265.6804,0
2024-12-29 10:15:00,4.916,4.943,4.909,4.932,9562.3,1735468199999,47114.0281,315,7671.4,37795.597,0
2024-12-29 10:30:00,4.93,4.941,4.929,4.934,2529.7,1735469099999,12485.508,112,575.7,2842.2593,0
2024-12-29 10:45:00,4.934,4.939,4.927,4.928,2090.9,1735469999999,10316.8685,76,937.6,4627.8222,0
2024-12-29 11:00:00,4.928,4.937,4.927,4.93,2587.8,1735470899999,12765.62,91,1921.9,9481.0375,0
2024-12-29 11:15:00,4.928,4.929,4.918,4.922,1479.3,1735471799999,7279.7143,70,705.1,3470.5733,0
2024-12-29 11:30:00,4.929,4.946,4.929,4.935,2749.2,1735472699999,13583.6973,100,1259.3,6219.8771,0
2024-12-29 11:45:00,4.938,4.945,4.863,4.882,16686.3,1735473599999,81688.1553,660,4470.3,21887.4764,0
2024-12-29 12:00:00,4.885,4.897,4.884,4.891,8387.6,1735474499999,41017.8408,223,5898.1,28846.7733,0
2024-12-29 12:15:00,4.891,4.903,4.847,4.863,17045.3,1735475399999,83143.4043,592,7287.5,35580.4558,0
2024-12-29 12:30:00,4.863,4.873,4.859,4.861,5225.8,1735476299999,25426.7693,210,3535.4,17202.298,0
2024-12-29 12:45:00,4.861,4.876,4.851,4.864,1968.1,1735477199999,9565.1184,109,1073.9,5222.4808,0
2024-12-29 13:00:00,4.865,4.879,4.854,4.864,5344.0,1735478099999,26009.436,208,3110.3,15136.3949,0
2024-12-29 13:15:00,4.863,4.881,4.853,4.853,6785.7,1735478999999,33020.4608,285,2271.1,11054.0367,0
2024-12-29 13:30:00,4.856,4.873,4.854,4.861,4958.3,1735479899999,24110.7349,207,1156.7,5626.0563,0
2024-12-29 13:45:00,4.859,4.875,4.856,4.868,2833.7,1735480799999,13781.6821,147,1951.3,9486.909,0
2024-12-29 14:00:00,4.87,4.888,4.854,4.855,5901.9,1735481699999,28764.1748,213,2455.5,11981.5298,0
2024-12-29 14:15:00,4.855,4.857,4.802,4.81,6062.8,1735482599999,29263.3555,362,1416.0,6824.8535,0
2024-12-29 14:30:00,4.806,4.806,4.778,4.791,4030.1,1735483499999,19294.0809,248,2112.5,10111.6824,0
2024-12-29 14:45:00,4.784,4.817,4.784,4.793,3906.3,1735484399999,18765.2166,200,2219.8,10662.1688,0
2024-12-29 15:00:00,4.793,4.801,4.77,4.77,4205.2,1735485299999,20096.2145,236,2062.5,9855.4274,0
2024-12-29 15:15:00,4.77,4.79,4.76,4.782,9324.8,1735486199999,44497.9297,312,4309.7,20587.0817,0
2024-12-29 15:30:00,4.782,4.803,4.781,4.802,3366.4,1735487099999,16144.1206,157,1614.2,7741.1736,0
2024-12-29 15:45:00,4.803,4.809,4.794,4.795,1561.8,1735487999999,7497.0119,96,794.8,3813.6017,0
2024-12-29 16:00:00,4.793,4.798,4.771,4.771,1415.2,1735488899999,6775.937,101,714.2,3423.6078,0
2024-12-29 16:15:00,4.771,4.779,4.759,4.775,7040.2,1735489799999,33575.3972,284,4034.4,19241.9961,0
2024-12-29 16:30:00,4.771,4.787,4.77,4.786,1682.4,1735490699999,8038.0918,118,1198.3,5724.3523,0
2024-12-29 16:45:00,4.787,4.789,4.769,4.77,4738.9,1735491599999,22641.5657,153,1252.7,5982.065,0
2024-12-29 17:00:00,4.771,4.799,4.764,4.794,2407.8,1735492499999,11509.5061,113,2020.4,9662.0408,0
2024-12-29 17:15:00,4.794,4.799,4.781,4.787,2694.7,1735493399999,12917.9067,141,883.6,4235.2986,0
2024-12-29 17:30:00,4.784,4.789,4.777,4.784,1891.4,1735494299999,9048.3018,69,513.6,2456.4462,0
2024-12-29 17:45:00,4.786,4.786,4.779,4.782,1038.4,1735495199999,4966.9872,60,699.4,3345.7284,0
2024-12-29 18:00:00,4.783,4.792,4.78,4.788,1887.0,1735496099999,9030.8803,88,1457.2,6974.1789,0
2024-12-29 18:15:00,4.788,4.789,4.777,4.781,2769.9,1735496999999,13251.7374,109,813.3,3891.7146,0
2024-12-29 18:30:00,4.777,4.777,4.757,4.766,5857.2,1735497899999,27923.3055,189,1243.5,5928.9751,0
2024-12-29 18:45:00,4.762,4.784,4.759,4.762,2032.7,1735498799999,9701.6008,131,1128.1,5389.1451,0
2024-12-29 19:00:00,4.762,4.782,4.762,4.771,1921.4,1735499699999,9173.3769,90,882.4,4214.9671,0
2024-12-29 19:15:00,4.767,4.769,4.756,4.76,3935.7,1735500599999,18742.3867,119,2785.3,13265.6183,0
2024-12-29 19:30:00,4.76,4.771,4.751,4.754,1949.7,1735501499999,9278.1743,79,927.7,4415.761,0
2024-12-29 19:45:00,4.751,4.763,4.75,4.759,1732.6,1735502399999,8236.0623,69,750.1,3565.4756,0
2024-12-29 20:00:00,4.756,4.756,4.737,4.751,2148.3,1735503299999,10199.2386,128,999.7,4748.2117,0
2024-12-29 20:15:00,4.749,4.749,4.719,4.735,5328.1,1735504199999,25205.9636,233,3620.8,17133.5113,0
2024-12-29 20:30:00,4.736,4.749,4.724,4.748,2663.7,1735505099999,12614.7292,107,1457.5,6905.43,0
2024-12-29 20:45:00,4.749,4.79,4.748,4.772,9506.9,1735505999999,45383.115,358,3734.7,17838.4206,0
2024-12-29 21:00:00,4.772,4.782,4.762,4.771,4150.4,1735506899999,19826.8368,151,2926.3,13982.0876,0
2024-12-29 21:15:00,4.772,4.785,4.77,4.777,4778.7,1735507799999,22840.1191,149,2079.6,9937.934,0
2024-12-29 21:30:00,4.775,4.777,4.751,4.754,2841.2,1735508699999,13539.707,136,284.9,1358.3674,0
2024-12-29 21:45:00,4.752,4.76,4.738,4.759,3720.3,1735509599999,17645.7703,187,3074.8,14582.759,0
2024-12-29 22:00:00,4.754,4.773,4.741,4.746,4514.6,1735510499999,21503.8178,200,2959.1,14101.8938,0
2024-12-29 22:15:00,4.748,4.755,4.728,4.754,13514.8,1735511399999,64146.53,373,5925.8,28120.6757,0
2024-12-29 22:30:00,4.755,4.77,4.754,4.768,734.6,1735512299999,3499.9152,85,345.9,1648.0782,0
2024-12-29 22:45:00,4.769,4.771,4.742,4.742,1503.1,1735513199999,7161.508,90,863.2,4113.7534,0
2024-12-29 23:00:00,4.744,4.755,4.734,4.738,2918.2,1735514099999,13850.6045,138,1043.7,4951.3984,0
2024-12-29 23:15:00,4.735,4.751,4.735,4.751,1459.0,1735514999999,6919.7365,89,899.0,4264.0483,0
2024-12-29 23:30:00,4.753,4.765,4.75,4.758,2962.4,1735515899999,14084.3516,131,1107.0,5261.7743,0
2024-12-29 23:45:00,4.76,4.769,4.752,4.754,911.5,1735516799999,4343.5721,59,355.1,1692.25,0
2024-12-30 00:00:00,4.753,4.754,4.724,4.754,3000.6,1735517699999,14205.3733,160,1000.4,4736.8497,0
2024-12-30 00:15:00,4.754,4.783,4.753,4.758,4478.1,1735518599999,21351.3606,180,1675.1,7990.556,0
2024-12-30 00:30:00,4.754,4.762,4.747,4.747,2958.5,1735519499999,14063.7906,142,1459.6,6939.7804,0
2024-12-30 00:45:00,4.748,4.777,4.746,4.763,1791.7,1735520399999,8531.5552,101,779.9,3711.7153,0
2024-12-30 01:00:00,4.766,4.782,4.757,4.763,2748.3,1735521299999,13112.4159,146,1356.4,6474.0457,0
2024-12-30 01:15:00,4.767,4.819,4.767,4.808,4663.0,1735522199999,22366.5382,265,2208.3,10585.7955,0
2024-12-30 01:30:00,4.808,4.824,4.797,4.801,12546.1,1735523099999,60360.5698,455,2459.8,11837.5708,0
2024-12-30 01:45:00,4.802,4.802,4.784,4.795,4252.0,1735523999999,20385.5317,141,1625.8,7793.4591,0
2024-12-30 02:00:00,4.795,4.809,4.783,4.783,1012.4,1735524899999,4851.2146,96,675.9,3239.3154,0
2024-12-30 02:15:00,4.782,4.793,4.776,4.778,1337.2,1735525799999,6396.7545,76,1120.9,5362.2901,0
2024-12-30 02:30:00,4.78,4.793,4.778,4.792,1650.3,1735526699999,7900.1882,95,994.2,4759.6437,0
2024-12-30 02:45:00,4.793,4.806,4.793,4.8,1141.3,1735527599999,5475.9554,77,566.4,2717.1736,0
2024-12-30 03:00:00,4.801,4.818,4.793,4.8,2749.1,1735528499999,13210.6541,144,537.7,2583.3977,0
2024-12-30 03:15:00,4.803,4.806,4.781,4.785,4008.8,1735529399999,19215.4001,147,1723.5,8271.0089,0
2024-12-30 03:30:00,4.787,4.788,4.763,4.763,738.6,1735530299999,3525.2495,60,410.7,1961.4601,0
2024-12-30 03:45:00,4.761,4.774,4.759,4.766,1480.5,1735531199999,7059.8079,87,1278.6,6097.6409,0
2024-12-30 04:00:00,4.767,4.778,4.762,4.762,732.2,1735532099999,3493.7944,57,234.1,1117.1373,0
2024-12-30 04:15:00,4.763,4.763,4.74,4.741,3975.2,1735532999999,18891.9902,195,1462.7,6949.1551,0
2024-12-30 04:30:00,4.743,4.749,4.741,4.749,715.4,1735533899999,3395.3818,43,367.5,1744.2475,0
2024-12-30 04:45:00,4.751,4.751,4.736,4.736,2468.6,1735534799999,11706.5577,97,1378.1,6534.3504,0
2024-12-30 05:00:00,4.735,4.751,4.723,4.748,2952.1,1735535699999,14000.5259,137,2461.1,11673.0333,0
2024-12-30 05:15:00,4.749,4.759,4.735,4.739,2370.4,1735536599999,11245.6816,132,1031.0,4895.5847,0
2024-12-30 05:30:00,4.738,4.748,4.724,4.748,4260.8,1735537499999,20179.3826,198,2744.9,13007.0023,0
2024-12-30 05:45:00,4.747,4.762,4.747,4.756,893.4,1735538399999,4248.8697,74,322.2,1531.7852,0
2024-12-30 06:00:00,4.756,4.794,4.756,4.792,4748.8,1735539299999,22708.2695,218,3717.4,17779.7886,0
2024-12-30 06:15:00,4.793,4.825,4.793,4.806,2968.2,1735540199999,14281.6168,229,1264.2,6081.9345,0
2024-12-30 06:30:00,4.806,4.807,4.783,4.788,2106.4,1735541099999,10102.1495,141,490.1,2350.4311,0
2024-12-30 06:45:00,4.787,4.789,4.774,4.783,2141.2,1735541999999,10235.78,101,293.8,1404.7071,0
2024-12-30 07:00:00,4.787,4.792,4.765,4.769,987.8,1735542899999,4717.4886,77,531.4,2538.4215,0
2024-12-30 07:15:00,4.77,4.773,4.755,4.759,3489.0,1735543799999,16626.9686,115,1212.7,5778.6573,0
2024-12-30 07:30:00,4.759,4.775,4.749,4.772,4553.5,1735544699999,21671.1276,191,3030.4,14422.2899,0
2024-12-30 07:45:00,4.774,4.774,4.759,4.771,1195.3,1735545599999,5694.2608,79,134.7,642.4472,0
2024-12-30 08:00:00,4.771,4.788,4.767,4.767,1653.7,1735546499999,7902.3153,82,699.5,3343.9028,0
2024-12-30 08:15:00,4.771,4.778,4.76,4.769,5761.2,1735547399999,27480.2083,183,2986.9,14246.7539,0
2024-12-30 08:30:00,4.769,4.791,4.764,4.776,8156.7,1735548299999,38900.7164,262,6951.6,33154.2943,0
2024-12-30 08:45:00,4.775,4.801,4.771,4.8,3638.6,1735549199999,17412.7786,127,1982.7,9497.8177,0
2024-12-30 09:00:00,4.801,4.801,4.787,4.794,2826.6,1735550099999,13550.117,104,2018.4,9675.5759,0
2024-12-30 09:15:00,4.796,4.809,4.788,4.791,4485.1,1735550999999,21512.3432,124,2719.1,13043.9037,0
2024-12-30 09:30:00,4.791,4.799,4.783,4.79,4742.4,1735551899999,22716.9761,186,2274.2,10898.1277,0
2024-12-30 09:45:00,4.791,4.795,4.786,4.791,3512.7,1735552799999,16825.5619,123,1407.4,6743.2355,0
2024-12-30 10:00:00,4.791,4.796,4.786,4.795,6426.8,1735553699999,30794.0758,255,4615.3,22117.6374,0
2024-12-30 10:15:00,4.793,4.8,4.786,4.788,3798.7,1735554599999,18205.5651,158,1263.6,6059.4735,0
2024-12-30 10:30:00,4.789,4.8,4.783,4.795,7211.5,1735555499999,34553.9043,272,4594.6,22012.0991,0
2024-12-30 10:45:00,4.794,4.797,4.756,4.759,13104.7,1735556399999,62605.5305,363,3782.8,18077.6245,0
2024-12-30 11:00:00,4.762,4.787,4.753,4.769,16328.6,1735557299999,77835.4983,593,10527.7,50174.0044,0
2024-12-30 11:15:00,4.768,4.825,4.755,4.818,21680.0,1735558199999,103898.3887,440,14440.0,69271.1766,0
2024-12-30 11:30:00,4.818,4.821,4.805,4.812,5083.1,1735559099999,24466.0859,162,1295.2,6232.2855,0
2024-12-30 11:45:00,4.819,4.83,4.815,4.816,2908.1,1735559999999,14019.0148,129,739.7,3565.8977,0
2024-12-30 12:00:00,4.816,4.845,4.816,4.84,2969.9,1735560899999,14337.8381,134,1631.3,7875.8023,0
2024-12-30 12:15:00,4.84,4.862,4.836,4.852,5345.3,1735561799999,25910.2047,187,3772.9,18290.9745,0
2024-12-30 12:30:00,4.849,4.857,4.837,4.847,5628.1,1735562699999,27275.0098,222,2162.3,10481.2548,0
2024-12-30 12:45:00,4.844,4.849,4.826,4.827,3328.7,1735563599999,16101.6286,198,1133.9,5488.702,0
2024-12-30 13:00:00,4.827,4.852,4.826,4.834,3843.4,1735564499999,18599.7466,187,2370.4,11476.135,0
2024-12-30 13:15:00,4.834,4.925,4.821,4.924,46766.0,1735565399999,228590.0844,1066,33536.2,164165.0347,0
2024-12-30 13:30:00,4.921,5.025,4.868,4.903,195007.4,1735566299999,967333.7992,4606,122449.0,608040.244,0
2024-12-30 13:45:00,4.91,5.55,4.846,5.328,584857.1,1735567199999,3066848.6572,22807,351999.8,1845367.419,0
2024-12-30 14:00:00,5.323,5.333,5.042,5.17,302858.5,1735568099999,1559504.7241,13015,128907.9,663616.6916,0
2024-12-30 14:15:00,5.168,5.228,5.048,5.109,114290.2,1735568999999,585408.1599,4792,55353.7,283887.8275,0
2024-12-30 14:30:00,5.105,5.116,4.942,4.953,111744.7,1735569899999,560058.7566,3580,42239.1,211850.3807,0
2024-12-30 14:45:00,4.952,5.025,4.945,4.985,53576.1,1735570799999,266886.6447,2082,26603.6,132571.6453,0
2024-12-30 15:00:00,4.984,4.992,4.88,4.887,75934.7,1735571699999,373285.6783,1958,32693.3,160507.6947,0
2024-12-30 15:15:00,4.886,4.943,4.873,4.905,58893.7,1735572599999,289173.9402,1644,28814.9,141636.5951,0
2024-12-30 15:30:00,4.906,4.954,4.86,4.928,60621.0,1735573499999,296820.9136,1812,30967.8,151708.3301,0
2024-12-30 15:45:00,4.927,5.09,4.914,5.089,78565.0,1735574399999,392597.5054,2738,52732.8,263713.8848,0
2024-12-30 16:00:00,5.083,5.235,4.99,5.016,137996.1,1735575299999,706647.8219,6265,66419.6,341109.6389,0
2024-12-30 16:15:00,5.01,5.049,4.941,4.945,50337.5,1735576199999,251005.1677,2226,17804.7,88973.9998,0
2024-12-30 16:30:00,4.948,4.95,4.9,4.9,74501.5,1735577099999,366327.4397,3253,30006.7,147642.4942,0
2024-12-30 16:45:00,4.902,4.926,4.834,4.865,68252.0,1735577999999,332898.1083,2091,25882.4,126342.6588,0
2024-12-30 17:00:00,4.867,4.873,4.788,4.789,48569.4,1735578899999,234092.3881,1569,16432.7,79258.6618,0
2024-12-30 17:15:00,4.788,4.827,4.778,4.802,31917.6,1735579799999,153292.5795,1029,12619.8,60596.9774,0
2024-12-30 17:30:00,4.805,4.851,4.804,4.811,24036.1,1735580699999,115992.3674,963,8343.7,40279.2636,0
2024-12-30 17:45:00,4.812,4.881,4.798,4.87,29178.2,1735581599999,140924.2354,1270,14431.4,69761.4404,0
2024-12-30 18:00:00,4.87,4.897,4.834,4.87,34031.1,1735582499999,165465.7359,1122,14159.0,68882.4916,0
2024-12-30 18:15:00,4.87,4.919,4.867,4.869,30033.3,1735583399999,146755.9882,986,21393.3,104528.6887,0
2024-12-30 18:30:00,4.871,4.874,4.824,4.844,25533.5,1735584299999,123744.4742,858,9873.6,47837.1804,0
2024-12-30 18:45:00,4.844,4.863,4.832,4.845,8128.6,1735585199999,39410.2865,403,3030.7,14699.0391,0
2024-12-30 19:00:00,4.846,4.877,4.84,4.849,17552.4,1735586099999,85263.2097,607,9145.9,44433.0589,0
2024-12-30 19:15:00,4.85,4.924,4.844,4.897,44035.5,1735586999999,215517.0933,1550,28440.5,139145.1118,0
2024-12-30 19:30:00,4.897,4.93,4.892,4.919,14397.3,1735587899999,70726.9451,514,8565.6,42089.4231,0
2024-12-30 19:45:00,4.922,4.934,4.908,4.925,11984.9,1735588799999,58965.2335,421,5954.4,29303.7963,0
2024-12-30 20:00:00,4.93,4.947,4.903,4.914,15360.4,1735589699999,75685.7712,543,3880.8,19109.3261,0
2024-12-30 20:15:00,4.913,4.946,4.913,4.931,11338.1,1735590599999,55903.6471,434,7213.6,35562.1052,0
2024-12-30 20:30:00,4.929,4.937,4.91,4.922,14949.8,1735591499999,73595.0961,544,8435.8,41545.056,0
2024-12-30 20:45:00,4.925,4.97,4.898,4.965,30995.4,1735592399999,152721.9408,777,17388.1,85895.7416,0
2024-12-30 21:00:00,4.966,5.029,4.931,4.955,45215.5,1735593299999,225120.3118,1797,25367.4,126389.9592,0
2024-12-30 21:15:00,4.959,5.079,4.951,5.078,51621.6,1735594199999,258701.2905,1911,32251.4,161625.6286,0
2024-12-30 21:30:00,5.078,5.11,4.957,5.034,117241.8,1735595099999,592768.4348,5983,54113.4,273610.368,0
2024-12-30 21:45:00,5.038,5.039,4.88,4.885,40091.7,1735595999999,198419.1427,2069,12324.1,60963.9118,0
2024-12-30 22:00:00,4.888,5.038,4.888,4.995,58136.8,1735596899999,288553.1687,2206,38222.6,189875.1564,0
2024-12-30 22:15:00,4.993,4.995,4.865,4.874,24364.9,1735597799999,119787.6918,1195,6462.1,31719.7953,0
2024-12-30 22:30:00,4.869,4.905,4.811,4.84,35686.3,1735598699999,172995.0455,1125,9603.7,46619.2426,0
2024-12-30 22:45:00,4.84,4.844,4.8,4.803,24713.8,1735599599999,118922.3512,784,10109.2,48706.6407,0
2024-12-30 23:00:00,4.803,4.804,4.766,4.791,12754.1,1735600499999,61051.6971,499,6160.7,29476.4719,0
2024-12-30 23:15:00,4.791,4.85,4.791,4.849,11442.3,1735601399999,55153.0783,511,7956.9,38347.6293,0
2024-12-30 23:30:00,4.85,4.885,4.85,4.885,10509.0,1735602299999,51168.4866,553,7187.4,34996.8356,0
2024-12-30 23:45:00,4.884,4.907,4.875,4.905,8531.2,1735603199999,41763.075,396,4969.2,24324.177,0
2024-12-31 00:00:00,4.903,4.99,4.897,4.911,31468.1,1735604099999,155422.6483,1386,16549.8,81762.1788,0
2024-12-31 00:15:00,4.909,5.081,4.904,5.008,61182.4,1735604999999,306699.1754,1888,45275.7,226973.2301,0
2024-12-31 00:30:00,5.006,5.006,4.844,4.851,58939.1,1735605899999,289023.9366,1791,19395.2,95018.9758,0
2024-12-31 00:45:00,4.854,4.914,4.854,4.91,31302.0,1735606799999,153014.1641,989,23166.5,113249.3932,0
2024-12-31 01:00:00,4.907,4.907,4.854,4.874,24670.2,1735607699999,120213.4506,721,11170.5,54454.2091,0
2024-12-31 01:15:00,4.872,4.886,4.841,4.852,12654.9,1735608599999,61478.8057,538,6984.2,33931.8734,0
2024-12-31 01:30:00,4.851,4.853,4.813,4.822,12969.2,1735609499999,62651.6383,513,5729.6,27688.647,0
2024-12-31 01:45:00,4.821,4.896,4.821,4.884,29841.2,1735610399999,145331.2343,640,11631.2,56547.1577,0
2024-12-31 02:00:00,4.885,4.924,4.862,4.876,21902.8,1735611299999,106911.019,725,12808.9,62520.5673,0
2024-12-31 02:15:00,4.87,4.899,4.851,4.854,10068.8,1735612199999,49099.5999,411,5928.0,28924.0743,0
2024-12-31 02:30:00,4.853,4.853,4.802,4.804,15854.5,1735613099999,76471.6218,470,4902.7,23646.2534,0
2024-12-31 02:45:00,4.804,4.822,4.804,4.813,6862.8,1735613999999,33025.818,304,4335.3,20868.5689,0
2024-12-31 03:00:00,4.817,4.819,4.753,4.759,19897.0,1735614899999,95104.5391,596,6372.2,30397.9533,0
2024-12-31 03:15:00,4.765,4.782,4.762,4.763,8253.0,1735615799999,39367.7999,277,2135.9,10196.299,0
2024-12-31 03:30:00,4.763,4.773,4.761,4.764,5962.9,1735616699999,28410.2356,283,2328.1,11094.7538,0
2024-12-31 03:45:00,4.766,4.819,4.753,4.808,18921.7,1735617599999,90705.3663,625,12906.8,61856.6014,0
2024-12-31 04:00:00,4.808,4.864,4.765,4.766,30302.8,1735618499999,145846.2636,742,8413.3,40573.6352,0
2024-12-31 04:15:00,4.766,4.816,4.757,4.778,33730.7,1735619399999,161325.3068,814,18630.0,89155.1731,0
2024-12-31 04:30:00,4.778,4.794,4.763,4.764,4020.5,1735620299999,19205.2201,256,1913.0,9139.908,0
2024-12-31 04:45:00,4.761,4.824,4.752,4.816,35705.0,1735621199999,170968.5199,860,22667.5,108554.2831,0
2024-12-31 05:00:00,4.818,4.861,4.796,4.848,22340.4,1735622099999,107988.5127,1109,13849.5,66951.3115,0
2024-12-31 05:15:00,4.848,4.905,4.798,4.811,42256.2,1735622999999,204612.0023,1233,19205.5,93014.8815,0
2024-12-31 05:30:00,4.811,4.867,4.811,4.861,11910.9,1735623899999,57741.735,464,5909.5,28647.1756,0
2024-12-31 05:45:00,4.863,4.87,4.829,4.851,11273.7,1735624799999,54673.4866,375,3319.9,16090.3398,0
2024-12-31 06:00:00,4.85,5.025,4.848,4.913,93658.0,1735625699999,462504.0883,4140,48899.9,241291.6045,0
2024-12-31 06:15:00,4.914,4.927,4.815,4.833,30429.9,1735626599999,147900.5439,1425,10999.2,53477.3495,0
2024-12-31 06:30:00,4.832,4.852,4.802,4.833,22758.7,1735627499999,109889.1265,764,13501.5,65196.9687,0
2024-12-31 06:45:00,4.825,4.845,4.757,4.77,29632.7,1735628399999,141950.5903,735,9695.4,46328.9347,0
2024-12-31 07:00:00,4.77,4.819,4.77,4.81,19896.0,1735629299999,95340.8966,647,12007.0,57506.5874,0
2024-12-31 07:15:00,4.81,4.815,4.775,4.79,21259.1,1735630199999,101887.9206,694,10294.3,49354.349,0
2024-12-31 07:30:00,4.788,4.79,4.747,4.748,16371.8,1735631099999,77943.2856,386,4520.7,21535.9596,0
2024-12-31 07:45:00,4.748,4.759,4.74,4.746,10864.1,1735631999999,51572.3138,365,3352.8,15922.7296,0
2024-12-31 08:00:00,4.746,4.79,4.732,4.744,66618.9,1735632899999,316781.7549,840,33694.2,160311.7534,0
2024-12-31 08:15:00,4.744,4.805,4.744,4.78,26887.5,1735633799999,128367.0573,735,12627.9,60320.743,0
2024-12-31 08:30:00,4.782,4.808,4.755,4.786,34931.4,1735634699999,167000.1429,816,13911.8,66590.0897,0
2024-12-31 08:45:00,4.788,4.793,4.752,4.771,24194.9,1735635599999,115391.774,500,11102.2,52987.4393,0
2024-12-31 09:00:00,4.771,4.795,4.743,4.789,24387.8,1735636499999,116193.6346,1244,13409.3,63902.6368,0
2024-12-31 09:15:00,4.791,4.818,4.791,4.809,11948.1,1735637399999,57432.478,415,5525.6,26559.6822,0
2024-12-31 09:30:00,4.808,4.841,4.805,4.825,11931.5,1735638299999,57513.0734,478,9210.6,44411.2624,0
2024-12-31 09:45:00,4.825,4.857,4.801,4.832,19007.6,1735639199999,91873.9576,469,14064.1,68025.5679,0
2024-12-31 10:00:00,4.831,4.84,4.818,4.829,7440.7,1735640099999,35935.285,242,3348.8,16180.6708,0
2024-12-31 10:15:00,4.83,4.831,4.797,4.806,14036.4,1735640999999,67456.6217,348,6958.8,33420.1613,0
2024-12-31 10:30:00,4.807,4.814,4.771,4.779,13950.0,1735641899999,66811.1286,453,4217.9,20196.9355,0
2024-12-31 10:45:00,4.779,4.859,4.779,4.815,23922.4,1735642799999,115184.3539,701,18527.1,89212.4853,0
2024-12-31 11:00:00,4.817,4.819,4.801,4.802,5550.8,1735643699999,26697.816,202,2229.2,10723.3957,0
2024-12-31 11:15:00,4.806,4.808,4.8,4.801,2593.5,1735644599999,12455.3384,104,761.0,3655.6812,0
2024-12-31 11:30:00,4.803,4.814,4.796,4.813,1568.9,1735645499999,7536.0681,93,698.0,3353.8348,0
2024-12-31 11:45:00,4.811,4.811,4.761,4.769,33345.0,1735646399999,159344.0767,459,8367.9,39966.0124,0
2024-12-31 12:00:00,4.769,4.787,4.765,4.775,18887.5,1735647299999,90133.4657,492,12964.9,61863.8426,0
2024-12-31 12:15:00,4.776,4.786,4.76,4.773,11989.0,1735648199999,57184.2874,431,4179.1,19934.9636,0
2024-12-31 12:30:00,4.773,4.786,4.766,4.767,4412.1,1735649099999,21084.0187,233,3030.8,14487.9423,0
2024-12-31 12:45:00,4.767,4.767,4.739,4.739,8184.8,1735649999999,38886.4609,344,3095.1,14703.4922,0
2024-12-31 13:00:00,4.739,4.775,4.728,4.773,11912.6,1735650899999,56508.425,313,7852.9,37264.1575,0
2024-12-31 13:15:00,4.775,4.799,4.752,4.789,19414.2,1735651799999,92659.8502,723,9309.6,44427.9168,0
2024-12-31 13:30:00,4.791,4.822,4.775,4.802,30192.2,1735652699999,144834.115,886,12428.7,59604.3825,0
2024-12-31 13:45:00,4.802,4.819,4.791,4.805,10539.6,1735653599999,50621.1054,406,4703.1,22585.422,0
2024-12-31 14:00:00,4.805,4.835,4.805,4.834,11801.1,1735654499999,56892.9453,549,8878.9,42801.1519,0
2024-12-31 14:15:00,4.835,4.857,4.808,4.815,38383.7,1735655399999,185290.0209,857,16571.2,80002.5284,0
2024-12-31 14:30:00,4.812,4.838,4.8,4.801,20828.1,1735656299999,100280.3147,650,10518.7,50636.7102,0
2024-12-31 14:45:00,4.803,4.819,4.788,4.799,16706.6,1735657199999,80193.0048,415,10935.1,52500.9636,0
2024-12-31 15:00:00,4.801,4.832,4.8,4.82,11402.0,1735658099999,54927.7205,492,6972.2,33590.2541,0
2024-12-31 15:15:00,4.819,4.838,4.807,4.827,10731.2,1735658999999,51781.3561,319,6771.9,32682.3909,0
2024-12-31 15:30:00,4.828,4.84,4.823,4.828,4585.9,1735659899999,22145.7775,199,2504.8,12097.4511,0
2024-12-31 15:45:00,4.829,4.842,4.827,4.837,3674.1,1735660799999,17767.528,143,1832.3,8861.2649,0
2024-12-31 16:00:00,4.837,4.848,4.823,4.84,9218.8,1735661699999,44597.0125,259,3516.9,17012.3828,0
2024-12-31 16:15:00,4.843,4.868,4.84,4.85,10902.6,1735662599999,52904.9529,403,7092.3,34423.3184,0
2024-12-31 16:30:00,4.849,4.898,4.846,4.878,29861.2,1735663499999,145518.3109,965,19811.3,96536.6807,0
2024-12-31 16:45:00,4.876,4.887,4.848,4.859,14962.2,1735664399999,72870.9822,480,5802.2,28293.0588,0
2024-12-31 17:00:00,4.86,4.861,4.83,4.831,8721.7,1735665299999,42223.5455,368,3802.6,18415.7097,0
2024-12-31 17:15:00,4.833,4.834,4.814,4.818,6530.1,1735666199999,31493.2559,291,2952.3,14240.649,0
2024-12-31 17:30:00,4.818,4.818,4.756,4.785,12559.7,1735667099999,60071.6662,641,6254.7,29935.2467,0
2024-12-31 17:45:00,4.783,4.802,4.767,4.79,3029.4,1735667999999,14477.4679,186,1819.9,8695.9134,0
2024-12-31 18:00:00,4.79,4.819,4.78,4.813,7830.1,1735668899999,37596.1536,265,4714.3,22661.9145,0
2024-12-31 18:15:00,4.814,4.816,4.764,4.771,12878.7,1735669799999,61556.4169,373,3500.0,16726.6745,0
2024-12-31 18:30:00,4.773,4.785,4.758,4.765,5076.6,1735670699999,24204.1179,242,2972.9,14176.2004,0
2024-12-31 18:45:00,4.767,4.782,4.757,4.764,4577.9,1735671599999,21814.1083,169,1633.3,7792.7495,0
2024-12-31 19:00:00,4.768,4.774,4.757,4.768,2845.1,1735672499999,13566.5413,107,1520.8,7251.9939,0
2024-12-31 19:15:00,4.768,4.793,4.759,4.785,4836.9,1735673399999,23101.0186,163,3029.8,14484.5693,0
2024-12-31 19:30:00,4.785,4.791,4.778,4.781,3767.3,1735674299999,18036.3824,125,1405.6,6726.5921,0
2024-12-31 19:45:00,4.783,4.799,4.783,4.797,1459.4,1735675199999,6995.6192,98,930.0,4457.9944,0
2024-12-31 20:00:00,4.797,4.797,4.765,4.77,7869.8,1735676099999,37625.617,221,2126.2,10172.7741,0
2024-12-31 20:15:00,4.772,4.776,4.75,4.761,10017.9,1735676999999,47678.9354,267,3782.3,18012.3938,0
2024-12-31 20:30:00,4.761,4.765,4.742,4.754,6502.7,1735677899999,30894.7481,200,3086.5,14663.1502,0
2024-12-31 20:45:00,4.755,4.767,4.749,4.764,2094.2,1735678799999,9965.1395,165,805.5,3833.5022,0
2024-12-31 21:00:00,4.763,4.784,4.757,4.76,2447.8,1735679699999,11682.0322,111,1705.0,8139.9993,0
2024-12-31 21:15:00,4.762,4.766,4.751,4.753,1332.3,1735680599999,6343.6079,59,709.1,3377.5685,0
2024-12-31 21:30:00,4.752,4.794,4.751,4.786,6535.9,1735681499999,31225.4162,268,4801.1,22943.0271,0
2024-12-31 21:45:00,4.784,4.786,4.75,4.755,9877.6,1735682399999,47090.4571,358,1597.1,7614.4776,0
2024-12-31 22:00:00,4.756,4.765,4.741,4.755,3637.9,1735683299999,17282.6826,195,2359.3,11211.9098,0
2024-12-31 22:15:00,4.758,4.758,4.743,4.747,2152.4,1735684199999,10217.2981,112,1692.2,8033.4247,0
2024-12-31 22:30:00,4.747,4.748,4.74,4.743,4689.1,1735685099999,22245.7196,136,2785.9,13218.4665,0
2024-12-31 22:45:00,4.747,4.75,4.738,4.738,2427.1,1735685999999,11511.255,92,871.3,4133.1035,0
2024-12-31 23:00:00,4.739,4.751,4.739,4.751,2382.4,1735686899999,11311.9701,92,2194.0,10417.9627,0
2024-12-31 23:15:00,4.75,4.75,4.735,4.743,1303.3,1735687799999,6180.5655,76,608.7,2885.5981,0
2024-12-31 23:30:00,4.744,4.746,4.714,4.741,18418.7,1735688699999,87077.0712,272,9015.8,42618.7377,0
2024-12-31 23:45:00,4.739,4.761,4.739,4.761,4010.9,1735689599999,19060.2144,76,3905.9,18560.8661,0
2025-01-01 00:00:00,4.76,4.782,4.755,4.757,6338.1,1735690499999,30222.1918,330,2179.5,10390.347,0
2025-01-01 00:15:00,4.76,4.777,4.76,4.768,2890.6,1735691399999,13776.5908,135,2041.5,9732.1097,0
2025-01-01 00:30:00,4.77,4.801,4.77,4.797,4228.0,1735692299999,20235.5915,200,3412.9,16333.5904,0
2025-01-01 00:45:00,4.8,4.814,4.798,4.814,3843.9,1735693199999,18458.4456,192,1118.6,5373.0689,0
2025-01-01 01:00:00,4.814,4.814,4.786,4.799,2664.2,1735694099999,12784.4751,143,1026.6,4932.1687,0
2025-01-01 01:15:00,4.799,4.817,4.79,4.805,7039.8,1735694999999,33836.3119,208,4285.3,20601.761,0
2025-01-01 01:30:00,4.803,4.81,4.785,4.785,2217.7,1735695899999,10638.3782,73,537.2,2578.9915,0
2025-01-01 01:45:00,4.784,4.795,4.78,4.793,3411.9,1735696799999,16337.1721,143,2682.3,12845.3754,0
2025-01-01 02:00:00,4.791,4.801,4.789,4.801,1580.3,1735697699999,7580.7256,87,847.1,4063.6014,0
2025-01-01 02:15:00,4.803,4.805,4.789,4.79,1174.2,1735698599999,5632.8632,147,758.2,3638.8886,0
2025-01-01 02:30:00,4.792,4.814,4.792,4.811,733.9,1735699499999,3524.7184,44,511.9,2458.5596,0
2025-01-01 02:45:00,4.814,4.831,4.814,4.826,1984.0,1735700399999,9567.7513,112,1464.1,7058.6855,0
2025-01-01 03:00:00,4.826,4.826,4.8,4.812,4357.8,1735701299999,20962.8445,146,1548.9,7453.0724,0
2025-01-01 03:15:00,4.811,4.834,4.802,4.828,2994.5,1735702199999,14431.9496,112,2505.5,12072.826,0
2025-01-01 03:30:00,4.826,4.828,4.812,4.82,2160.9,1735703099999,10416.9247,110,883.4,4259.4774,0
2025-01-01 03:45:00,4.819,4.824,4.811,4.818,2505.3,1735703999999,12072.2165,101,1078.3,5196.6491,0
2025-01-01 04:00:00,4.82,4.82,4.792,4.795,2334.4,1735704899999,11227.3318,87,672.6,3239.322,0
2025-01-01 04:15:00,4.795,4.799,4.788,4.798,3564.5,1735705799999,17081.6903,101,2377.0,11388.4253,0
2025-01-01 04:30:00,4.798,4.811,4.798,4.805,2486.2,1735706699999,11947.8988,113,1458.6,7010.1711,0
2025-01-01 04:45:00,4.805,4.85,4.799,4.811,21232.7,1735707599999,102450.9887,518,13180.8,63578.0729,0
2025-01-01 05:00:00,4.806,4.877,4.805,4.821,29224.8,1735708499999,141368.9893,649,16789.6,81225.9686,0
2025-01-01 05:15:00,4.818,4.833,4.818,4.833,710.2,1735709399999,3428.3016,47,443.9,2143.0515,0
2025-01-01 05:30:00,4.834,4.838,4.813,4.825,1967.9,1735710299999,9489.4904,81,572.0,2759.4802,0
2025-01-01 05:45:00,4.822,4.837,4.822,4.831,1987.4,1735711199999,9603.7756,91,1471.6,7111.6586,0
2025-01-01 06:00:00,4.83,4.872,4.798,4.81,41520.6,1735712099999,200638.3862,873,21065.0,101868.4866,0
2025-01-01 06:15:00,4.809,4.828,4.808,4.809,7200.7,1735712999999,34684.7359,173,4567.3,22004.6801,0
2025-01-01 06:30:00,4.811,4.814,4.795,4.8,2681.4,1735713899999,12885.4039,86,866.4,4165.7149,0
2025-01-01 06:45:00,4.803,4.817,4.801,4.817,4780.3,1735714799999,22988.8626,131,2539.3,12209.6508,0
2025-01-01 07:00:00,4.815,4.816,4.801,4.808,2976.0,1735715699999,14311.6055,76,1631.7,7845.6794,0
2025-01-01 07:15:00,4.806,4.855,4.806,4.831,29175.2,1735716599999,140901.6884,524,18415.9,88916.746,0
2025-01-01 07:30:00,4.83,4.839,4.826,4.826,4379.8,1735717499999,21160.3856,109,1384.4,6686.5953,0
2025-01-01 07:45:00,4.829,4.832,4.82,4.826,2139.1,1735718399999,10318.9561,112,628.5,3033.3576,0
2025-01-01 08:00:00,4.824,4.836,4.823,4.83,1299.0,1735719299999,6274.2043,68,664.0,3207.925,0
2025-01-01 08:15:00,4.827,4.832,4.82,4.82,4987.7,1735720199999,24058.2417,71,976.2,4710.1268,0
2025-01-01 08:30:00,4.82,4.826,4.802,4.804,15070.8,1735721099999,72624.2938,228,1697.2,8171.7832,0
2025-01-01 08:45:00,4.805,4.808,4.791,4.798,3258.3,1735721999999,15632.6492,125,1616.4,7758.8923,0
2025-01-01 09:00:00,4.799,4.804,4.764,4.765,7618.6,1735722899999,36411.8352,172,1479.6,7074.0866,0
2025-01-01 09:15:00,4.766,4.868,4.756,4.858,51270.2,1735723799999,247363.6646,1746,32896.5,158551.9093,0
2025-01-01 09:30:00,4.859,4.917,4.827,4.912,84207.3,1735724699999,410464.8239,2355,47622.3,232361.5139,0
2025-01-01 09:45:00,4.91,4.928,4.816,4.825,58712.9,1735725599999,286219.5728,1932,20908.2,101879.0345,0
2025-01-01 10:00:00,4.825,4.825,4.78,4.797,30948.5,1735726499999,148531.846,941,8815.5,42318.0313,0
2025-01-01 10:15:00,4.797,4.82,4.791,4.814,8047.3,1735727399999,38673.8077,303,5371.6,25822.4729,0
2025-01-01 10:30:00,4.812,4.812,4.786,4.794,9795.1,1735728299999,46988.7285,211,1518.9,7284.1932,0
2025-01-01 10:45:00,4.794,4.8,4.765,4.783,25671.4,1735729199999,122757.5101,331,11504.8,54995.6682,0
2025-01-01 11:00:00,4.783,4.796,4.775,4.787,6166.4,1735730099999,29507.5218,160,2974.7,14234.1682,0
2025-01-01 11:15:00,4.791,4.791,4.778,4.779,3972.7,1735730999999,19005.8556,106,480.4,2298.2608,0
2025-01-01 11:30:00,4.781,4.784,4.764,4.766,18497.1,1735731899999,88252.2125,381,7636.0,36434.9647,0
2025-01-01 11:45:00,4.767,4.779,4.76,4.765,5136.1,1735732799999,24483.3294,131,2592.9,12364.1873,0
2025-01-01 12:00:00,4.765,4.765,4.748,4.752,3051.1,1735733699999,14517.3741,125,1301.0,6192.3761,0
2025-01-01 12:15:00,4.753,4.808,4.753,4.785,40653.1,1735734599999,194258.1344,766,25705.4,122784.4537,0
2025-01-01 12:30:00,4.782,4.796,4.782,4.789,2446.4,1735735499999,11718.1975,94,1032.7,4947.152,0
2025-01-01 12:45:00,4.788,4.792,4.783,4.79,1209.6,1735736399999,5789.3244,48,441.6,2113.5361,0
2025-01-01 13:00:00,4.787,4.792,4.776,4.785,6706.6,1735737299999,32085.2975,174,3471.0,16606.5411,0
2025-01-01 13:15:00,4.787,4.79,4.767,4.769,5826.7,1735738199999,27817.3925,130,1979.8,9452.997,0
2025-01-01 13:30:00,4.769,4.797,4.769,4.778,30744.9,1735739099999,147004.913,472,15587.1,74546.4356,0
2025-01-01 13:45:00,4.779,4.782,4.769,4.773,3658.9,1735739999999,17470.8811,109,1778.9,8495.8775,0
2025-01-01 14:00:00,4.777,4.808,4.777,4.808,5592.5,1735740899999,26815.6799,202,4670.7,22400.2797,0
2025-01-01 14:15:00,4.806,4.811,4.786,4.787,2932.5,1735741799999,14069.3423,126,1630.7,7824.5432,0
2025-01-01 14:30:00,4.785,4.79,4.769,4.78,5479.8,1735742699999,26168.8225,165,3041.3,14520.4621,0
2025-01-01 14:45:00,4.782,4.796,4.78,4.791,1422.6,1735743599999,6811.7095,57,984.5,4714.4817,0
2025-01-01 15:00:00,4.793,4.798,4.783,4.783,2912.0,1735744499999,13943.4578,94,1033.6,4952.8731,0
2025-01-01 15:15:00,4.782,4.796,4.78,4.784,1001.9,1735745399999,4798.5268,43,403.0,1930.3337,0
2025-01-01 15:30:00,4.786,4.794,4.78,4.791,3760.8,1735746299999,18008.4262,138,1869.4,8954.5015,0
2025-01-01 15:45:00,4.793,4.816,4.791,4.793,9438.6,1735747199999,45342.4701,259,3112.3,14973.7283,0
2025-01-01 16:00:00,4.796,4.804,4.781,4.783,6935.4,1735748099999,33239.1294,251,3013.3,14442.3899,0
2025-01-01 16:15:00,4.78,4.789,4.776,4.777,4075.9,1735748999999,19492.6999,199,1610.1,7703.7321,0
2025-01-01 16:30:00,4.776,4.78,4.759,4.759,3925.3,1735749899999,18728.4573,172,1507.9,7196.3888,0
2025-01-01 16:45:00,4.76,4.764,4.751,4.758,2964.0,1735750799999,14104.7364,100,1624.0,7730.0789,0
2025-01-01 17:00:00,4.758,4.764,4.749,4.749,4589.1,1735751699999,21806.86,138,1728.6,8217.0106,0
2025-01-01 17:15:00,4.752,4.778,4.747,4.778,6127.9,1735752599999,29155.6464,224,4325.5,20590.1408,0
2025-01-01 17:30:00,4.776,4.791,4.773,4.788,2143.8,1735753499999,10251.1711,75,1263.4,6038.2969,0
2025-01-01 17:45:00,4.788,4.799,4.78,4.791,1649.6,1735754399999,7897.8313,69,607.7,2909.6768,0
2025-01-01 18:00:00,4.791,4.793,4.757,4.765,9617.0,1735755299999,45814.0618,155,2450.7,11677.1523,0
2025-01-01 18:15:00,4.766,4.787,4.766,4.785,4994.5,1735756199999,23836.281,89,3896.7,18596.6018,0
2025-01-01 18:30:00,4.784,4.792,4.776,4.787,15707.3,1735757099999,75158.0939,231,6167.9,29515.2885,0
2025-01-01 18:45:00,4.789,4.798,4.781,4.79,1954.2,1735757999999,9356.4593,106,940.9,4505.5609,0
2025-01-01 19:00:00,4.79,4.793,4.78,4.783,6912.1,1735758899999,33085.3067,242,2681.1,12833.8227,0
2025-01-01 19:15:00,4.782,4.789,4.778,4.789,5536.7,1735759799999,26483.4248,192,4356.6,20839.962,0
2025-01-01 19:30:00,4.786,4.807,4.781,4.806,4530.5,1735760699999,21698.1301,145,3259.8,15618.2271,0
2025-01-01 19:45:00,4.807,4.817,4.793,4.8,3238.7,1735761599999,15566.9642,167,908.7,4365.6995,0
2025-01-01 20:00:00,4.806,4.818,4.806,4.808,3803.9,1735762499999,18307.8149,132,2451.5,11799.3101,0
2025-01-01 20:15:00,4.812,4.812,4.799,4.805,2950.5,1735763399999,14165.3936,73,1118.6,5370.3648,0
2025-01-01 20:30:00,4.807,4.814,4.803,4.808,2377.4,1735764299999,11432.3281,89,1451.2,6980.1115,0
2025-01-01 20:45:00,4.809,4.813,4.806,4.811,306.8,1735765199999,1474.9674,37,151.9,730.3707,0
2025-01-01 21:00:00,4.811,4.819,4.802,4.804,4449.8,1735766099999,21392.4982,120,1198.2,5760.3888,0
2025-01-01 21:15:00,4.804,4.829,4.804,4.828,8806.7,1735766999999,42455.1933,240,6955.5,33533.4879,0
2025-01-01 21:30:00,4.83,4.831,4.822,4.825,3292.0,1735767899999,15881.2507,121,1266.1,6109.8308,0
2025-01-01 21:45:00,4.826,4.829,4.816,4.82,2497.0,1735768799999,12040.4698,77,881.5,4252.8093,0
2025-01-01 22:00:00,4.82,4.825,4.801,4.805,2693.0,1735769699999,12942.1806,83,1799.2,8643.186,0
2025-01-01 22:15:00,4.807,4.816,4.804,4.816,751.8,1735770599999,3615.1569,43,699.2,3361.9908,0
2025-01-01 22:30:00,4.816,4.82,4.807,4.814,1574.3,1735771499999,7577.225,39,161.4,776.8766,0
2025-01-01 22:45:00,4.815,4.822,4.812,4.82,677.4,1735772399999,3263.3429,40,181.7,875.6251,0
2025-01-01 23:00:00,4.821,4.827,4.818,4.818,1759.7,1735773299999,8486.5296,61,622.0,3000.6643,0
2025-01-01 23:15:00,4.822,4.824,4.817,4.817,629.2,1735774199999,3032.7359,33,499.5,2407.9431,0
2025-01-01 23:30:00,4.817,4.819,4.809,4.817,2656.7,1735775099999,12788.4867,76,779.4,3750.6109,0
2025-01-01 23:45:00,4.819,4.827,4.816,4.825,1218.3,1735775999999,5872.9729,66,789.9,3808.2815,0
2025-01-02 00:00:00,4.825,4.845,4.825,4.829,2515.4,1735776899999,12160.491,137,2107.1,10187.1359,0
2025-01-02 00:15:00,4.83,4.872,4.827,4.868,5943.2,1735777799999,28831.2697,288,4022.8,19509.0437,0
2025-01-02 00:30:00,4.865,4.868,4.844,4.847,7436.4,1735778699999,36094.6629,266,2198.2,10676.3221,0
2025-01-02 00:45:00,4.846,4.853,4.821,4.821,5223.5,1735779599999,25260.316,174,1063.6,5146.9302,0
2025-01-02 01:00:00,4.832,4.845,4.829,4.841,2813.8,1735780499999,13620.1016,230,2008.8,9724.6429,0
2025-01-02 01:15:00,4.841,4.851,4.838,4.851,3494.6,1735781399999,16932.0726,152,2062.3,9994.2686,0
2025-01-02 01:30:00,4.849,4.849,4.83,4.83,2474.4,1735782299999,11969.5693,112,1648.4,7975.0083,0
2025-01-02 01:45:00,4.83,4.833,4.825,4.833,1387.5,1735783199999,6700.0582,79,778.2,3758.5651,0
2025-01-02 02:00:00,4.833,4.845,4.83,4.845,613.3,1735784099999,2966.6863,58,535.2,2589.0477,0
2025-01-02 02:15:00,4.843,4.846,4.83,4.841,706.8,1735784999999,3418.0372,78,310.3,1500.7401,0
2025-01-02 02:30:00,4.841,4.844,4.824,4.824,2734.2,1735785899999,13221.1397,131,1438.8,6963.2499,0
2025-01-02 02:45:00,4.829,4.851,4.829,4.851,2584.6,1735786799999,12503.9133,113,1404.5,6797.7637,0
2025-01-02 03:00:00,4.849,4.858,4.838,4.843,645.4,1735787699999,3128.4703,72,518.9,2515.3243,0
2025-01-02 03:15:00,4.845,4.85,4.84,4.844,685.4,1735788599999,3319.8499,58,317.0,1535.892,0
2025-01-02 03:30:00,4.845,4.849,4.837,4.843,394.6,1735789499999,1910.7941,43,224.1,1085.5164,0
2025-01-02 03:45:00,4.843,4.844,4.837,4.842,623.7,1735790399999,3019.2197,43,366.1,1772.4433,0
2025-01-02 04:00:00,4.844,4.851,4.834,4.841,1917.6,1735791299999,9283.0032,100,1198.2,5799.4121,0
2025-01-02 04:15:00,4.843,4.856,4.841,4.847,818.2,1735792199999,3968.988,72,716.4,3475.4138,0
2025-01-02 04:30:00,4.847,4.868,4.842,4.859,10568.2,1735793099999,51279.5993,249,8109.9,39342.0019,0
2025-01-02 04:45:00,4.86,4.867,4.85,4.859,4260.7,1735793999999,20706.5915,204,1068.9,5196.9921,0
2025-01-02 05:00:00,4.859,4.859,4.837,4.839,2901.3,1735794899999,14049.8042,137,1753.5,8489.988,0
2025-01-02 05:15:00,4.844,4.86,4.836,4.859,3399.9,1735795799999,16484.2784,150,1520.6,7371.6378,0
2025-01-02 05:30:00,4.86,4.864,4.85,4.858,1260.5,1735796699999,6118.9158,93,209.8,1019.4339,0
2025-01-02 05:45:00,4.857,4.858,4.834,4.84,7324.2,1735797599999,35481.6495,208,2322.7,11252.2011,0
2025-01-02 06:00:00,4.841,4.851,4.833,4.842,3203.5,1735798499999,15513.4179,187,2205.5,10680.3596,0
2025-01-02 06:15:00,4.841,4.841,4.818,4.834,4854.5,1735799399999,23452.2894,229,2880.2,13914.4945,0
2025-01-02 06:30:00,4.832,4.863,4.826,4.859,5497.4,1735800299999,26613.7197,212,4483.9,21713.0873,0
2025-01-02 06:45:00,4.86,4.874,4.858,4.864,5327.6,1735801199999,25929.0207,216,2889.4,14064.3514,0
2025-01-02 07:00:00,4.864,4.864,4.849,4.861,2658.2,1735802099999,12909.4907,133,1335.4,6486.9921,0
2025-01-02 07:15:00,4.864,4.9,4.857,4.875,17048.7,1735802999999,83200.5862,369,9781.0,47782.824,0
2025-01-02 07:30:00,4.874,4.874,4.851,4.855,16878.4,1735803899999,82001.1078,270,6479.9,31466.4753,0
2025-01-02 07:45:00,4.856,4.881,4.85,4.881,9837.0,1735804799999,47831.6316,276,6862.5,33378.4259,0
2025-01-02 08:00:00,4.881,4.895,4.875,4.878,8601.8,1735805699999,42001.6453,274,2357.5,11515.3186,0
2025-01-02 08:15:00,4.88,4.888,4.874,4.884,7179.7,1735806599999,35036.8257,247,5009.3,24447.975,0
2025-01-02 08:30:00,4.882,4.892,4.878,4.89,1022.0,1735807499999,4990.697,54,687.1,3354.9822,0
2025-01-02 08:45:00,4.889,4.899,4.885,4.889,5900.5,1735808399999,28873.8638,189,2431.4,11904.7438,0
2025-01-02 09:00:00,4.888,4.897,4.88,4.888,3606.8,1735809299999,17628.4556,169,893.8,4372.9204,0
2025-01-02 09:15:00,4.888,4.915,4.886,4.91,11285.6,1735810199999,55295.5212,322,9481.9,46460.6275,0
2025-01-02 09:30:00,4.903,4.911,4.897,4.899,2868.7,1735811099999,14060.5195,120,433.9,2127.9097,0
2025-01-02 09:45:00,4.899,4.96,4.891,4.958,27723.2,1735811999999,136569.0055,794,12503.4,61603.0526,0
2025-01-02 10:00:00,4.953,4.96,4.941,4.947,11669.5,1735812899999,57714.1084,326,9104.4,45027.4112,0
2025-01-02 10:15:00,4.948,4.95,4.939,4.949,1619.0,1735813799999,8005.2481,91,976.4,4828.7572,0
2025-01-02 10:30:00,4.948,4.961,4.937,4.961,15573.7,1735814699999,77040.1983,306,9637.5,47700.9808,0
2025-01-02 10:45:00,4.96,4.961,4.946,4.951,1812.4,1735815599999,8970.1037,70,1274.4,6306.6314,0
2025-01-02 11:00:00,4.95,4.958,4.944,4.954,2147.5,1735816499999,10636.1605,109,1404.0,6954.5193,0
2025-01-02 11:15:00,4.953,4.953,4.94,4.95,9185.2,1735817399999,45430.1519,233,6009.5,29726.7157,0
2025-01-02 11:30:00,4.951,4.984,4.95,4.981,6046.0,1735818299999,30056.371,155,3199.7,15900.3711,0
2025-01-02 11:45:00,4.981,4.986,4.966,4.967,4825.9,1735819199999,24019.9511,152,1570.0,7820.7306,0
2025-01-02 12:00:00,4.967,4.975,4.944,4.961,13592.8,1735820099999,67360.6522,443,4519.9,22407.666,0
2025-01-02 12:15:00,4.962,4.962,4.936,4.938,7617.6,1735820999999,37668.4302,241,3315.8,16389.3822,0
2025-01-02 12:30:00,4.94,4.943,4.923,4.934,10688.1,1735821899999,52708.7268,292,4223.8,20839.3272,0
2025-01-02 12:45:00,4.934,4.943,4.924,4.936,13378.0,1735822799999,65956.4198,318,9188.4,45295.8311,0
2025-01-02 13:00:00,4.937,4.942,4.918,4.918,3010.4,1735823699999,14841.8471,163,1100.3,5431.8966,0
2025-01-02 13:15:00,4.917,4.944,4.906,4.942,9912.5,1735824599999,48823.3194,329,7633.2,37611.5807,0
2025-01-02 13:30:00,4.942,4.945,4.927,4.941,3351.5,1735825499999,16552.6302,168,1915.0,9461.1181,0
2025-01-02 13:45:00,4.94,4.94,4.921,4.926,1549.6,1735826399999,7638.6246,99,217.7,1072.7848,0
2025-01-02 14:00:00,4.926,4.93,4.9,4.923,6263.9,1735827299999,30805.3327,252,1466.6,7215.538,0
2025-01-02 14:15:00,4.924,4.94,4.914,4.94,4554.9,1735828199999,22456.2869,137,3872.2,19091.928,0
2025-01-02 14:30:00,4.938,4.974,4.922,4.931,14794.4,1735829099999,73125.1142,518,6003.0,29697.8845,0
2025-01-02 14:45:00,4.931,4.949,4.926,4.929,2285.3,1735829999999,11277.6764,136,1184.2,5849.4777,0
2025-01-02 15:00:00,4.934,4.937,4.926,4.935,2560.0,1735830899999,12622.6917,306,1583.7,7806.9566,0
2025-01-02 15:15:00,4.935,4.943,4.912,4.923,10182.3,1735831799999,50159.926,306,4346.4,21420.3444,0
2025-01-02 15:30:00,4.922,4.923,4.899,4.907,6446.6,1735832699999,31633.0147,269,3006.7,14759.9201,0
2025-01-02 15:45:00,4.907,4.92,4.904,4.907,3268.1,1735833599999,16050.9271,167,1460.1,7170.4784,0
2025-01-02 16:00:00,4.911,4.922,4.903,4.922,1769.0,1735834499999,8686.9853,152,1267.0,6222.1776,0
2025-01-02 16:15:00,4.922,4.947,4.918,4.943,3175.1,1735835399999,15661.0333,206,1532.3,7558.2259,0
2025-01-02 16:30:00,4.941,4.946,4.932,4.934,1768.7,1735836299999,8734.6389,130,747.8,3694.6963,0
2025-01-02 16:45:00,4.934,4.94,4.922,4.927,3530.9,1735837199999,17400.8371,192,1325.2,6530.8193,0
2025-01-02 17:00:00,4.927,4.964,4.918,4.964,8377.9,1735838099999,41466.2137,258,5942.4,29413.937,0
2025-01-02 17:15:00,4.964,4.981,4.952,4.952,12239.6,1735838999999,60798.9761,364,5444.2,27053.0603,0
2025-01-02 17:30:00,4.952,4.952,4.93,4.933,4315.4,1735839899999,21319.9504,192,1680.8,8305.2692,0
2025-01-02 17:45:00,4.933,4.958,4.926,4.956,7832.3,1735840799999,38771.6614,169,4557.9,22557.8378,0
2025-01-02 18:00:00,4.956,4.962,4.946,4.947,4719.1,1735841699999,23375.171,196,2156.9,10686.875,0
2025-01-02 18:15:00,4.946,4.961,4.945,4.953,2781.7,1735842599999,13773.6564,133,1109.2,5495.3371,0
2025-01-02 18:30:00,4.952,4.953,4.921,4.93,6188.3,1735843499999,30542.6085,232,746.1,3683.3791,0
2025-01-02 18:45:00,4.932,4.945,4.925,4.935,5293.2,1735844399999,26107.6509,151,1829.5,9028.7334,0
2025-01-02 19:00:00,4.935,4.936,4.928,4.933,960.1,1735845299999,4736.1859,89,387.8,1913.195,0
2025-01-02 19:15:00,4.935,4.937,4.926,4.933,2731.3,1735846199999,13467.9099,112,846.4,4174.4074,0
2025-01-02 19:30:00,4.931,4.931,4.89,4.898,15510.7,1735847099999,76067.3246,509,6356.6,31167.9357,0
2025-01-02 19:45:00,4.899,4.908,4.89,4.899,7351.2,1735847999999,36000.0706,220,6063.1,29689.8463,0
2025-01-02 20:00:00,4.901,4.91,4.901,4.906,4032.5,1735848899999,19785.2137,102,1463.5,7182.3314,0
2025-01-02 20:15:00,4.906,4.909,4.886,4.889,4758.3,1735849799999,23301.6567,196,1576.9,7718.9452,0
2025-01-02 20:30:00,4.887,4.89,4.866,4.87,7456.0,1735850699999,36330.2539,230,3724.9,18154.4254,0
2025-01-02 20:45:00,4.866,4.895,4.859,4.88,9226.2,1735851599999,45030.2147,336,5146.1,25140.5214,0
2025-01-02 21:00:00,4.884,4.895,4.872,4.88,3970.2,1735852499999,19392.6428,161,2303.6,11256.4405,0
2025-01-02 21:15:00,4.882,4.894,4.871,4.894,4297.2,1735853399999,20954.6034,131,3196.2,15583.7329,0
2025-01-02 21:30:00,4.889,4.889,4.861,4.868,4048.0,1735854299999,19721.8267,177,833.9,4066.1921,0
2025-01-02 21:45:00,4.867,4.88,4.863,4.88,1652.6,1735855199999,8044.789,104,1049.4,5108.935,0
2025-01-02 22:00:00,4.88,4.88,4.864,4.865,1879.9,1735856099999,9154.2111,122,553.9,2698.1706,0
2025-01-02 22:15:00,4.866,4.868,4.844,4.855,2705.8,1735856999999,13140.831,201,1174.6,5705.962,0
2025-01-02 22:30:00,4.856,4.883,4.855,4.865,5082.2,1735857899999,24739.1377,162,2189.6,10674.3013,0
2025-01-02 22:45:00,4.866,4.876,4.857,4.863,1888.9,1735858799999,9188.041,85,1073.8,5222.9417,0
2025-01-02 23:00:00,4.863,4.873,4.853,4.863,901.2,1735859699999,4384.0102,91,729.9,3551.2542,0
2025-01-02 23:15:00,4.863,4.882,4.863,4.882,1055.5,1735860599999,5143.2597,64,747.7,3644.5755,0
2025-01-02 23:30:00,4.883,4.894,4.879,4.892,1935.3,1735861499999,9454.5522,138,524.1,2560.6845,0
2025-01-02 23:45:00,4.891,4.899,4.877,4.889,22508.4,1735862399999,109946.0647,333,5440.5,26602.8108,0
2025-01-03 00:00:00,4.892,4.894,4.882,4.892,8858.6,1735863299999,43282.479,208,3276.6,16011.2683,0
2025-01-03 00:15:00,4.892,4.92,4.892,4.92,4768.9,1735864199999,23365.3142,176,3882.0,19017.5143,0
2025-01-03 00:30:00,4.917,4.927,4.912,4.916,4022.9,1735865099999,19774.4249,169,1339.9,6590.3541,0
2025-01-03 00:45:00,4.917,4.923,4.912,4.913,3563.1,1735865999999,17503.9811,104,99.0,486.6566,0
2025-01-03 01:00:00,4.914,4.976,4.913,4.936,25017.5,1735866899999,123880.7021,565,20019.7,99187.5967,0
2025-01-03 01:15:00,4.934,4.942,4.925,4.933,3542.8,1735867799999,17471.9324,233,619.1,3054.376,0
2025-01-03 01:30:00,4.932,4.933,4.908,4.914,4441.5,1735868699999,21842.4505,112,1637.6,8057.0441,0
2025-01-03 01:45:00,4.917,4.951,4.913,4.947,3158.7,1735869599999,15572.2959,135,1697.1,8369.5097,0
2025-01-03 02:00:00,4.947,4.963,4.934,4.954,4282.4,1735870499999,21188.3687,228,2699.4,13360.9922,0
2025-01-03 02:15:00,4.952,4.977,4.95,4.968,12011.8,1735871399999,59686.2033,270,2551.3,12679.7144,0
2025-01-03 02:30:00,4.968,4.969,4.943,4.946,2941.2,1735872299999,14560.6228,133,276.6,1369.9985,0
2025-01-03 02:45:00,4.948,4.977,4.946,4.952,7772.0,1735873199999,38546.9765,220,6137.5,30447.7203,0
2025-01-03 03:00:00,4.952,4.956,4.926,4.928,5362.3,1735874099999,26510.7775,142,2118.2,10468.3331,0
2025-01-03 03:15:00,4.928,4.953,4.925,4.953,3782.1,1735874999999,18685.143,133,2680.8,13236.412,0
2025-01-03 03:30:00,4.952,4.955,4.945,4.947,1305.6,1735875899999,6464.9137,50,557.6,2761.1201,0
2025-01-03 03:45:00,4.947,4.968,4.947,4.963,1164.0,1735876799999,5769.5216,65,746.0,3696.4565,0
2025-01-03 04:00:00,4.961,4.961,4.946,4.946,1797.2,1735877699999,8900.2314,86,597.5,2958.6469,0
2025-01-03 04:15:00,4.946,4.953,4.941,4.942,654.7,1735878599999,3239.1122,51,405.7,2007.4892,0
2025-01-03 04:30:00,4.942,4.943,4.913,4.922,8842.5,1735879499999,43590.0438,186,464.1,2286.7636,0
2025-01-03 04:45:00,4.922,4.927,4.916,4.916,1938.8,1735880399999,9543.6167,71,1711.7,8426.5268,0
2025-01-03 05:00:00,4.92,4.922,4.901,4.909,4559.6,1735881299999,22381.6839,136,2480.8,12176.0359,0
2025-01-03 05:15:00,4.91,4.91,4.89,4.897,2535.7,1735882199999,12421.7707,103,1006.7,4929.5334,0
2025-01-03 05:30:00,4.896,4.904,4.891,4.898,940.6,1735883099999,4607.9198,47,739.2,3621.8749,0
2025-01-03 05:45:00,4.897,4.897,4.882,4.895,4910.9,1735883999999,24005.732,152,1039.7,5084.1378,0
2025-01-03 06:00:00,4.895,4.947,4.895,4.939,6041.8,1735884899999,29779.3785,218,5208.8,25670.9069,0
2025-01-03 06:15:00,4.938,4.94,4.914,4.916,2797.3,1735885799999,13776.8164,94,481.0,2369.6954,0
2025-01-03 06:30:00,4.915,4.916,4.904,4.909,1580.0,1735886699999,7760.1701,51,429.9,2111.3689,0
2025-01-03 06:45:00,4.908,4.91,4.89,4.903,2001.7,1735887599999,9816.4954,63,547.3,2683.5716,0
2025-01-03 07:00:00,4.907,4.907,4.887,4.896,3529.5,1735888499999,17273.921,98,1094.3,5354.57,0
2025-01-03 07:15:00,4.892,4.909,4.888,4.895,3689.9,1735889399999,18073.1608,141,1305.5,6397.7652,0
2025-01-03 07:30:00,4.893,4.901,4.882,4.889,7756.5,1735890299999,37924.5213,165,3513.7,17174.3178,0
2025-01-03 07:45:00,4.889,4.895,4.883,4.891,4820.8,1735891199999,23568.4327,170,4043.7,19769.3726,0
2025-01-03 08:00:00,4.89,4.947,4.889,4.939,10571.7,1735892099999,51985.1066,390,7788.3,38265.7446,0
2025-01-03 08:15:00,4.943,4.943,4.903,4.903,7105.1,1735892999999,34951.9109,227,919.8,4526.0058,0
2025-01-03 08:30:00,4.902,4.915,4.895,4.915,3880.6,1735893899999,19017.428,142,2349.2,11516.6137,0
2025-01-03 08:45:00,4.919,4.934,4.915,4.922,4017.2,1735894799999,19779.5709,108,1483.4,7300.5133,0
2025-01-03 09:00:00,4.922,4.944,4.918,4.944,4092.7,1735895699999,20192.0864,122,1094.5,5403.6644,0
2025-01-03 09:15:00,4.941,4.949,4.931,4.934,3586.2,1735896599999,17712.5789,124,1167.8,5769.9236,0
2025-01-03 09:30:00,4.934,4.934,4.915,4.918,3368.5,1735897499999,16579.9908,110,2185.8,10760.6611,0
2025-01-03 09:45:00,4.917,4.932,4.914,4.929,1988.8,1735898399999,9789.511,91,1494.8,7358.1761,0
2025-01-03 10:00:00,4.925,4.927,4.9,4.9,5143.5,1735899299999,25224.3932,180,1045.5,5130.4966,0
2025-01-03 10:15:00,4.9,4.915,4.9,4.915,2031.8,1735900199999,9973.1274,108,1372.3,6736.7568,0
2025-01-03 10:30:00,4.915,4.931,4.915,4.915,2186.5,1735901099999,10764.0837,94,1083.0,5332.0578,0
2025-01-03 10:45:00,4.914,4.926,4.905,4.923,5702.9,1735901999999,28034.0663,194,3686.6,18124.1215,0
2025-01-03 11:00:00,4.923,4.93,4.909,4.922,4887.8,1735902899999,24058.6233,128,1730.7,8524.5308,0
2025-01-03 11:15:00,4.919,4.935,4.917,4.924,3618.5,1735903799999,17815.5331,118,1287.5,6338.158,0
2025-01-03 11:30:00,4.925,4.93,4.907,4.913,8816.3,1735904699999,43352.7628,211,3795.6,18666.4425,0
2025-01-03 11:45:00,4.913,4.925,4.906,4.913,8309.6,1735905599999,40848.5136,262,1435.2,7060.821,0
2025-01-03 12:00:00,4.915,4.927,4.906,4.927,3482.0,1735906499999,17103.7063,131,1658.7,8151.3466,0
2025-01-03 12:15:00,4.924,4.935,4.917,4.933,8044.9,1735907399999,39627.427,207,4603.3,22681.2151,0
2025-01-03 12:30:00,4.933,4.949,4.929,4.935,6259.2,1735908299999,30916.7348,198,3409.2,16840.6453,0
2025-01-03 12:45:00,4.934,4.934,4.922,4.922,1247.7,1735909199999,6145.7708,72,390.3,1922.6526,0
2025-01-03 13:00:00,4.922,4.936,4.918,4.928,2243.4,1735910099999,11049.8615,99,842.9,4151.8662,0
2025-01-03 13:15:00,4.925,4.929,4.909,4.924,1349.7,1735910999999,6641.4369,89,595.6,2930.3029,0
2025-01-03 13:30:00,4.921,4.94,4.921,4.94,5822.0,1735911899999,28682.607,133,2007.2,9885.84,0
2025-01-03 13:45:00,4.941,4.944,4.925,4.925,381.9,1735912799999,1884.4921,41,126.5,624.4295,0
2025-01-03 14:00:00,4.927,4.943,4.927,4.935,2941.3,1735913699999,14511.4691,102,1250.6,6167.4624,0
2025-01-03 14:15:00,4.935,4.937,4.923,4.933,6984.2,1735914599999,34429.3479,264,4218.2,20800.3176,0
2025-01-03 14:30:00,4.93,4.943,4.91,4.936,9752.7,1735915499999,48070.8431,323,2725.2,13429.1502,0
2025-01-03 14:45:00,4.936,4.942,4.929,4.937,1768.6,1735916399999,8728.2393,106,714.2,3523.5061,0
2025-01-03 15:00:00,4.936,4.937,4.919,4.924,4484.2,1735917299999,22090.7862,191,2136.4,10526.7059,0
2025-01-03 15:15:00,4.926,4.946,4.917,4.945,7023.2,1735918199999,34648.9997,196,6287.0,31021.1136,0
2025-01-03 15:30:00,4.944,4.959,4.944,4.952,4665.2,1735919099999,23101.1261,174,1403.8,6951.7245,0
2025-01-03 15:45:00,4.952,4.957,4.94,4.953,5667.3,1735919999999,28045.9732,252,1876.7,9291.5479,0
2025-01-03 16:00:00,4.955,4.964,4.952,4.963,2264.2,1735920899999,11226.0845,126,1297.6,6433.3781,0
2025-01-03 16:15:00,4.96,4.962,4.949,4.954,5730.9,1735921799999,28396.0301,278,3493.6,17313.3551,0
2025-01-03 16:30:00,4.952,4.962,4.945,4.962,8018.0,1735922699999,39716.1894,281,5213.8,25831.5344,0
2025-01-03 16:45:00,4.962,4.964,4.952,4.953,3246.4,1735923599999,16094.3403,123,1992.8,9879.0684,0
2025-01-03 17:00:00,4.952,4.96,4.945,4.949,5133.0,1735924499999,25414.9544,192,2525.5,12508.0745,0
2025-01-03 17:15:00,4.949,4.979,4.948,4.974,8864.8,1735925399999,44019.7038,255,6603.2,32778.1099,0
2025-01-03 17:30:00,4.975,4.99,4.962,4.99,9412.5,1735926299999,46862.042,329,6575.4,32757.0752,0
2025-01-03 17:45:00,4.99,4.992,4.97,4.971,3991.7,1735927199999,19896.3744,211,857.4,4273.8436,0
2025-01-03 18:00:00,4.971,4.986,4.966,4.975,5770.5,1735928099999,28686.3824,156,1146.8,5706.1464,0
2025-01-03 18:15:00,4.975,5.0,4.974,4.99,4119.6,1735928999999,20559.9928,168,3719.2,18564.5313,0
2025-01-03 18:30:00,4.991,4.996,4.985,4.99,2943.7,1735929899999,14692.1054,134,1598.6,7980.5554,0
2025-01-03 18:45:00,4.993,4.995,4.981,4.983,1033.8,1735930799999,5157.4336,77,538.8,2689.0871,0
2025-01-03 19:00:00,4.984,4.985,4.971,4.976,3414.4,1735931699999,16998.0109,146,1389.9,6919.4638,0
2025-01-03 19:15:00,4.977,4.985,4.974,4.979,2160.9,1735932599999,10760.5906,99,1165.3,5803.6936,0
2025-01-03 19:30:00,4.976,4.997,4.976,4.997,5648.8,1735933499999,28183.174,180,2984.8,14891.999,0
2025-01-03 19:45:00,4.993,4.993,4.96,4.975,11521.5,1735934399999,57334.0467,361,2525.0,12569.8685,0
2025-01-03 20:00:00,4.971,4.971,4.95,4.961,5097.3,1735935299999,25272.5996,199,3366.5,16691.4733,0
2025-01-03 20:15:00,4.963,4.983,4.962,4.981,1940.5,1735936199999,9649.2562,92,1276.9,6349.3469,0
2025-01-03 20:30:00,4.98,4.987,4.976,4.982,987.2,1735937099999,4918.8032,76,461.5,2300.6218,0
2025-01-03 20:45:00,4.983,4.988,4.971,4.979,2309.0,1735937999999,11500.2937,98,1264.4,6299.9207,0
2025-01-03 21:00:00,4.979,4.988,4.972,4.984,751.5,1735938899999,3741.8055,50,624.4,3109.3599,0
2025-01-03 21:15:00,4.983,5.03,4.978,5.024,13283.7,1735939799999,66481.0131,391,11973.0,59931.4261,0
2025-01-03 21:30:00,5.024,5.024,4.995,4.999,8206.0,1735940699999,41055.2711,300,1893.3,9478.0425,0
2025-01-03 21:45:00,5.0,5.013,4.983,5.012,6898.8,1735941599999,34463.662,217,5583.0,27898.2142,0
2025-01-03 22:00:00,5.008,5.01,4.992,5.008,2302.7,1735942499999,11519.312,153,737.9,3693.9285,0
2025-01-03 22:15:00,5.01,5.025,5.003,5.022,3569.8,1735943399999,17907.5982,173,2304.9,11566.2936,0
2025-01-03 22:30:00,5.023,5.031,5.006,5.018,5803.0,1735944299999,29123.3977,295,1767.8,8881.075,0
2025-01-03 22:45:00,5.02,5.024,5.018,5.023,1905.2,1735945199999,9564.8668,61,595.6,2990.7943,0
2025-01-03 23:00:00,5.023,5.029,5.021,5.026,1278.8,1735946099999,6427.2136,90,619.1,3111.8995,0
2025-01-03 23:15:00,5.025,5.04,5.025,5.033,1864.8,1735946999999,9384.1664,130,1617.5,8140.5461,0
2025-01-03 23:30:00,5.034,5.034,5.025,5.03,1313.9,1735947899999,6607.669,101,870.0,4375.7241,0
2025-01-03 23:45:00,5.03,5.037,5.022,5.029,3561.9,1735948799999,17911.9425,176,950.3,4780.8541,0
2025-01-04 00:00:00,5.032,5.05,5.022,5.035,7922.2,1735949699999,39914.6348,332,5346.9,26940.9059,0
2025-01-04 00:15:00,5.036,5.042,5.006,5.006,13929.8,1735950599999,69930.266,239,5059.3,25377.611,0
2025-01-04 00:30:00,5.006,5.007,4.962,4.969,15918.5,1735951499999,79243.7276,442,9805.6,48800.9137,0
2025-01-04 00:45:00,4.969,4.978,4.965,4.973,8228.4,1735952399999,40897.2777,212,4819.0,23948.5567,0
2025-01-04 01:00:00,4.974,4.974,4.933,4.935,7640.8,1735953299999,37843.3693,376,4339.8,21497.2773,0
2025-01-04 01:15:00,4.934,4.953,4.928,4.947,15570.4,1735954199999,76888.7291,293,12507.4,61754.5376,0
2025-01-04 01:30:00,4.946,4.957,4.936,4.95,6989.6,1735955099999,34586.6792,177,3788.4,18744.6847,0
2025-01-04 01:45:00,4.95,4.985,4.949,4.983,4312.3,1735955999999,21372.4847,140,3944.7,19545.3788,0
2025-01-04 02:00:00,4.985,4.987,4.971,4.974,2673.0,1735956899999,13301.8061,130,907.0,4512.5624,0
2025-01-04 02:15:00,4.971,4.976,4.966,4.974,814.0,1735957799999,4047.7232,52,283.5,1409.6952,0
2025-01-04 02:30:00,4.974,4.981,4.963,4.975,2407.6,1735958699999,11970.6477,86,1092.9,5438.3496,0
2025-01-04 02:45:00,4.98,4.994,4.98,4.986,1258.6,1735959599999,6279.3489,68,786.9,3926.9404,0
2025-01-04 03:00:00,4.986,4.988,4.962,4.977,1526.0,1735960499999,7598.5181,58,460.0,2291.6151,0
2025-01-04 03:15:00,4.978,4.978,4.963,4.97,3982.7,1735961399999,19801.1673,135,1890.5,9400.1737,0
2025-01-04 03:30:00,4.97,4.988,4.969,4.984,1099.3,1735962299999,5471.7,54,998.0,4967.994,0
2025-01-04 03:45:00,4.986,4.988,4.982,4.984,1468.1,1735963199999,7315.8819,56,825.8,4115.6924,0
2025-01-04 04:00:00,4.982,4.985,4.956,4.969,3446.0,1735964099999,17102.6381,106,1941.7,9636.8735,0
2025-01-04 04:15:00,4.962,4.974,4.96,4.968,656.4,1735964999999,3258.3749,57,473.9,2352.6534,0
2025-01-04 04:30:00,4.965,4.987,4.953,4.986,6757.4,1735965899999,33606.1555,217,5020.4,24975.934,0
2025-01-04 04:45:00,4.986,4.991,4.978,4.991,981.1,1735966799999,4889.7433,53,519.2,2588.3607,0
2025-01-04 05:00:00,4.991,4.995,4.976,4.976,1194.8,1735967699999,5953.3074,53,231.3,1153.9663,0
2025-01-04 05:15:00,4.982,4.992,4.981,4.992,1246.9,1735968599999,6216.3233,45,810.8,4042.6167,0
2025-01-04 05:30:00,4.991,4.995,4.986,4.987,782.9,1735969499999,3906.3464,49,156.2,779.3203,0
2025-01-04 05:45:00,4.99,4.991,4.98,4.985,1748.7,1735970399999,8718.0478,50,231.6,1154.6116,0
2025-01-04 06:00:00,4.985,4.995,4.983,4.995,1329.5,1735971299999,6631.7767,58,1016.9,5072.2851,0
2025-01-04 06:15:00,4.995,5.017,4.988,5.017,4052.9,1735972199999,20270.9967,155,3279.6,16410.6105,0
2025-01-04 06:30:00,5.017,5.022,5.008,5.015,1652.5,1735973099999,8288.8367,102,701.2,3518.1212,0
2025-01-04 06:45:00,5.014,5.024,5.012,5.017,478.8,1735973999999,2401.7846,38,105.0,526.7383,0
2025-01-04 07:00:00,5.017,5.04,5.017,5.022,9364.1,1735974899999,47128.6508,281,4070.0,20484.1398,0
2025-01-04 07:15:00,5.025,5.031,5.01,5.017,2627.4,1735975799999,13184.2098,118,724.6,3636.8237,0
2025-01-04 07:30:00,5.018,5.04,5.018,5.039,1464.2,1735976699999,7363.3533,98,603.2,3034.7259,0
2025-01-04 07:45:00,5.04,5.047,5.022,5.027,3831.0,1735977599999,19276.0232,138,1523.2,7670.4803,0
2025-01-04 08:00:00,5.024,5.034,5.01,5.01,2346.2,1735978499999,11797.1391,74,1891.5,9514.3881,0
2025-01-04 08:15:00,5.01,5.016,4.974,4.984,9457.2,1735979399999,47213.3843,208,3046.1,15199.4009,0
2025-01-04 08:30:00,4.987,4.997,4.985,4.987,6264.8,1735980299999,31279.8298,174,3753.9,18743.1245,0
2025-01-04 08:45:00,4.988,4.991,4.973,4.986,3958.3,1735981199999,19732.3163,126,2054.9,10241.3942,0
2025-01-04 09:00:00,4.988,4.996,4.974,4.979,5189.3,1735982099999,25870.4205,144,2527.5,12612.2202,0
2025-01-04 09:15:00,4.983,4.993,4.981,4.981,1715.4,1735982999999,8560.6635,95,1171.2,5845.9616,0
2025-01-04 09:30:00,4.984,5.062,4.983,5.047,22746.0,1735983899999,114449.405,843,13692.2,68752.7332,0
2025-01-04 09:45:00,5.048,5.049,5.019,5.019,7219.2,1735984799999,36337.2334,274,2298.1,11561.6911,0
2025-01-04 10:00:00,5.02,5.027,4.987,5.008,5994.0,1735985699999,29976.7323,252,1232.8,6166.5428,0
2025-01-04 10:15:00,5.012,5.021,4.993,5.001,5396.7,1735986599999,27027.5745,251,2677.7,13421.0024,0
2025-01-04 10:30:00,5.002,5.021,5.002,5.019,3519.6,1735987499999,17651.1677,128,2908.7,14589.4969,0
2025-01-04 10:45:00,5.022,5.034,5.013,5.018,4821.0,1735988399999,24210.6171,148,3411.2,17133.5831,0
2025-01-04 11:00:00,5.014,5.017,4.996,5.005,2077.5,1735989299999,10394.4726,122,599.9,3000.6146,0
2025-01-04 11:15:00,5.007,5.017,5.0,5.004,1404.1,1735990199999,7029.0634,83,482.7,2418.8075,0
2025-01-04 11:30:00,5.0,5.007,4.997,4.997,3863.6,1735991099999,19324.3055,128,1828.5,9145.9054,0
2025-01-04 11:45:00,4.998,5.007,4.985,4.986,8042.2,1735991999999,40173.99,322,3156.7,15768.1299,0
2025-01-04 12:00:00,4.987,4.995,4.98,4.983,3626.1,1735992899999,18085.2928,258,1898.1,9467.5707,0
2025-01-04 12:15:00,4.987,4.993,4.982,4.992,13275.5,1735993799999,66213.1731,448,6631.7,33083.3107,0
2025-01-04 12:30:00,4.992,4.994,4.978,4.982,10393.8,1735994699999,51787.9474,272,3145.8,15672.8872,0
2025-01-04 12:45:00,4.983,5.009,4.972,5.007,6004.8,1735995599999,29940.9489,191,2187.5,10924.2911,0
2025-01-04 13:00:00,5.01,5.016,4.989,4.998,7176.1,1735996499999,35852.8025,164,717.2,3590.5999,0
2025-01-04 13:15:00,4.999,5.01,4.988,4.994,4232.8,1735997399999,21139.4346,159,1279.7,6398.862,0
2025-01-04 13:30:00,4.995,4.995,4.987,4.987,2911.5,1735998299999,14529.7604,97,411.7,2055.3692,0
2025-01-04 13:45:00,4.989,5.008,4.989,5.0,3291.0,1735999199999,16447.8988,97,2459.9,12294.566,0
2025-01-04 14:00:00,5.0,5.004,4.981,4.981,2285.3,1736000099999,11403.2202,100,50.6,252.6716,0
2025-01-04 14:15:00,4.982,4.99,4.976,4.987,4422.4,1736000999999,22024.4764,149,1183.5,5895.4695,0
2025-01-04 14:30:00,4.984,5.001,4.984,4.993,2209.9,1736001899999,11037.2115,104,1779.0,8885.474,0
2025-01-04 14:45:00,4.993,5.006,4.989,5.002,4924.3,1736002799999,24592.7268,113,1130.8,5654.6205,0
2025-01-04 15:00:00,5.0,5.002,4.974,4.977,3035.8,1736003699999,15128.2287,161,678.0,3379.9454,0
2025-01-04 15:15:00,4.977,5.004,4.934,4.95,7632.6,1736004599999,37878.8595,267,3757.7,18617.6559,0
2025-01-04 15:30:00,4.943,4.943,4.897,4.899,29220.0,1736005499999,143561.9638,712,15937.9,78363.1259,0
2025-01-04 15:45:00,4.9,4.92,4.891,4.911,4186.2,1736006399999,20536.6687,196,2158.2,10594.837,0
2025-01-04 16:00:00,4.912,4.935,4.912,4.931,2684.1,1736007299999,13220.5057,196,1957.1,9638.8917,0
2025-01-04 16:15:00,4.935,4.942,4.927,4.93,1712.3,1736008199999,8445.4859,84,924.1,4559.0516,0
2025-01-04 16:30:00,4.932,4.932,4.905,4.919,1512.2,1736009099999,7436.102,97,563.1,2770.3015,0
2025-01-04 16:45:00,4.912,4.93,4.912,4.927,863.7,1736009999999,4252.0443,94,578.8,2849.8462,0
2025-01-04 17:00:00,4.929,4.939,4.916,4.917,3135.8,1736010899999,15444.9397,171,827.7,4076.0371,0
2025-01-04 17:15:00,4.922,4.936,4.917,4.929,3692.9,1736011799999,18203.6484,132,2038.7,10050.8059,0
2025-01-04 17:30:00,4.924,4.927,4.917,4.923,582.3,1736012699999,2866.0991,51,175.5,863.8895,0
2025-01-04 17:45:00,4.925,4.932,4.922,4.929,1137.2,1736013599999,5603.4195,89,912.8,4497.7376,0
2025-01-04 18:00:00,4.933,4.933,4.922,4.923,5991.2,1736014499999,29528.1311,108,4926.5,24284.8583,0
2025-01-04 18:15:00,4.921,4.928,4.921,4.922,908.4,1736015399999,4473.0434,81,454.0,2235.8004,0
2025-01-04 18:30:00,4.92,4.92,4.907,4.916,1322.5,1736016299999,6498.7386,113,581.2,2855.2639,0
2025-01-04 18:45:00,4.918,4.919,4.904,4.917,4650.7,1736017199999,22847.347,153,1566.4,7695.511,0
2025-01-04 19:00:00,4.919,4.92,4.913,4.917,1433.4,1736018099999,7048.003,110,813.8,4001.6177,0
2025-01-04 19:15:00,4.924,4.929,4.912,4.913,3004.5,1736018999999,14772.6129,130,1290.1,6343.0919,0
2025-01-04 19:30:00,4.913,4.929,4.913,4.915,895.3,1736019899999,4407.2026,74,752.7,3705.9577,0
2025-01-04 19:45:00,4.917,4.923,4.912,4.915,1089.8,1736020799999,5357.0111,118,514.4,2529.2727,0
2025-01-04 20:00:00,4.916,4.92,4.912,4.918,2176.7,1736021699999,10699.8271,82,978.5,4810.4605,0
2025-01-04 20:15:00,4.918,4.926,4.918,4.92,2087.0,1736022599999,10270.5606,103,1795.7,8836.9969,0
2025-01-04 20:30:00,4.92,4.941,4.919,4.936,12641.1,1736023499999,62317.0526,207,12014.1,59224.8093,0
2025-01-04 20:45:00,4.936,4.941,4.927,4.934,2591.4,1736024399999,12786.7435,127,1106.4,5461.0606,0
2025-01-04 21:00:00,4.933,4.941,4.921,4.93,3993.8,1736025299999,19683.2566,177,1366.5,6740.1569,0
2025-01-04 21:15:00,4.932,4.94,4.931,4.938,1095.7,1736026199999,5407.481,79,450.4,2222.248,0
2025-01-04 21:30:00,4.937,4.937,4.931,4.932,1375.5,1736027099999,6784.7182,77,754.1,3719.4541,0
2025-01-04 21:45:00,4.932,4.933,4.93,4.931,2490.4,1736027999999,12282.4104,76,2251.8,11105.8727,0
2025-01-04 22:00:00,4.931,4.941,4.93,4.94,2634.0,1736028899999,13001.2,120,2250.2,11107.0438,0
2025-01-04 22:15:00,4.94,4.96,4.939,4.954,3721.0,1736029799999,18432.877,175,2212.0,10957.7561,0
2025-01-04 22:30:00,4.954,4.965,4.949,4.955,5471.9,1736030699999,27127.6615,244,2465.2,12224.2765,0
2025-01-04 22:45:00,4.954,4.955,4.934,4.935,4438.2,1736031599999,21921.9347,118,125.0,618.75,0
2025-01-04 23:00:00,4.936,4.938,4.932,4.936,1597.8,1736032499999,7887.3488,80,864.6,4267.9661,0
2025-01-04 23:15:00,4.935,4.946,4.93,4.94,4156.4,1736033399999,20506.7198,99,3373.9,16647.2757,0
2025-01-04 23:30:00,4.942,4.948,4.937,4.937,290.2,1736034299999,1434.0586,36,48.1,237.9388,0
2025-01-04 23:45:00,4.939,4.942,4.93,4.93,3065.6,1736035199999,15134.3541,112,236.4,1167.631,0
2025-01-05 00:00:00,4.931,4.933,4.913,4.923,2015.9,1736036099999,9921.9842,175,428.5,2109.2606,0
2025-01-05 00:15:00,4.927,4.934,4.916,4.92,5841.4,1736036999999,28743.4181,118,631.3,3111.8113,0
2025-01-05 00:30:00,4.919,4.93,4.918,4.929,2019.9,1736037899999,9951.4014,131,1799.9,8867.9965,0
2025-01-05 00:45:00,4.927,4.93,4.918,4.919,1004.8,1736038799999,4947.2747,65,680.0,3347.8793,0
2025-01-05 01:00:00,4.919,4.922,4.904,4.911,4726.2,1736039699999,23221.2305,154,2562.0,12589.4782,0
2025-01-05 01:15:00,4.914,4.915,4.911,4.911,854.0,1736040599999,4196.4789,33,401.5,1972.7902,0
2025-01-05 01:30:00,4.909,4.911,4.901,4.904,3541.3,1736041499999,17375.2459,181,2581.9,12668.6141,0
2025-01-05 01:45:00,4.905,4.906,4.893,4.906,3250.7,1736042399999,15922.2759,124,1756.4,8603.9648,0
2025-01-05 02:00:00,4.909,4.918,4.905,4.916,1026.3,1736043299999,5041.4505,117,574.1,2821.5033,0
2025-01-05 02:15:00,4.911,4.912,4.9,4.907,2368.6,1736044199999,11617.8402,173,518.1,2542.6077,0
2025-01-05 02:30:00,4.908,4.92,4.905,4.917,957.5,1736045099999,4702.0368,89,752.0,3692.9328,0
2025-01-05 02:45:00,4.921,4.921,4.91,4.917,406.5,1736045999999,1998.0876,62,199.6,981.468,0
2025-01-05 03:00:00,4.918,4.919,4.91,4.913,369.0,1736046899999,1813.2673,29,203.7,1000.87,0
2025-01-05 03:15:00,4.913,4.915,4.906,4.911,1363.1,1736047799999,6696.2914,44,434.1,2132.1459,0
2025-01-05 03:30:00,4.911,4.92,4.911,4.92,1936.8,1736048699999,9519.51,72,571.7,2810.7653,0
2025-01-05 03:45:00,4.919,4.922,4.906,4.92,781.7,1736049599999,3842.776,44,143.5,705.2191,0
2025-01-05 04:00:00,4.92,4.931,4.92,4.925,2602.9,1736050499999,12823.7128,114,757.8,3733.1951,0
2025-01-05 04:15:00,4.925,4.936,4.923,4.936,2915.3,1736051399999,14360.519,83,2667.1,13138.086,0
2025-01-05 04:30:00,4.934,4.934,4.925,4.925,992.3,1736052299999,4890.8309,44,163.9,808.1521,0
2025-01-05 04:45:00,4.927,4.934,4.925,4.93,1832.6,1736053199999,9033.4797,87,1025.4,5054.1215,0
2025-01-05 05:00:00,4.93,4.93,4.92,4.929,3355.2,1736054099999,16522.1357,108,1550.3,7635.0578,0
2025-01-05 05:15:00,4.928,4.929,4.917,4.921,2695.6,1736054999999,13274.0161,71,890.4,4381.1718,0
2025-01-05 05:30:00,4.921,4.929,4.916,4.918,769.8,1736055899999,3787.1471,58,269.3,1324.8204,0
2025-01-05 05:45:00,4.919,4.926,4.911,4.924,1454.2,1736056799999,7151.2706,104,764.2,3758.328,0
2025-01-05 06:00:00,4.923,4.94,4.917,4.939,2564.1,1736057699999,12635.9189,156,2004.5,9877.7142,0
2025-01-05 06:15:00,4.939,4.946,4.927,4.927,1947.2,1736058599999,9608.3275,103,713.8,3526.6949,0
2025-01-05 06:30:00,4.928,4.943,4.926,4.943,3424.7,1736059499999,16880.4011,68,2053.1,10121.8501,0
2025-01-05 06:45:00,4.941,4.959,4.941,4.95,1570.6,1736060399999,7780.8474,119,1226.8,6078.4929,0
2025-01-05 07:00:00,4.95,4.958,4.946,4.948,1052.2,1736061299999,5210.3675,83,648.1,3209.2856,0
2025-01-05 07:15:00,4.95,4.959,4.946,4.955,1165.0,1736062199999,5769.9163,82,735.9,3646.2994,0
2025-01-05 07:30:00,4.957,4.989,4.948,4.981,9926.3,1736063099999,49316.1708,392,7508.6,37308.9094,0
2025-01-05 07:45:00,4.985,4.986,4.973,4.973,3318.9,1736063999999,16523.4978,112,293.8,1463.1764,0
2025-01-05 08:00:00,4.973,4.974,4.917,4.926,9519.5,1736064899999,47012.709,335,674.3,3333.7509,0
2025-01-05 08:15:00,4.926,4.943,4.913,4.943,2159.6,1736065799999,10631.0841,120,1433.1,7059.3751,0
2025-01-05 08:30:00,4.941,4.962,4.94,4.962,2615.4,1736066699999,12951.7455,107,2287.9,11330.7761,0
